titre,lien,université,tag,contenu,date,traduction auto
我校组织参加教育部2022年高校实验室安全培训会,http://voice.cug.edu.cn/info/1032/19825.htm,China University of Geosciences,Institution,发表时间：2022-04-25作者：网站编辑：王俊芳来源：地大新闻网点击：次  地大新闻网讯（通讯员 李明 常虹 摄影 高雅） 为确保常态化疫情防控中高校实验室安全运行，保障广大师生人身安全和校园稳定，日前，教育部2022年高校实验室安全培训会以线上形式召开。我校在南望山校区设备楼二楼会议室设立分会场，副校长刘杰、学校实验室安全工作领导小组成员单位负责人，集中参加了培训会。学校组织各教学科研单位分管院领导、实验中心负责人、安全巡查组成员、实验教学与实验技术人员参加了培训会。  会上，教育部科学技术与信息化司副司长张国辉指出，安全工作重于泰山，各高校要严格落实“党政同责、一岗双责、齐抓共管、失职追责”的要求。各高校需结合自身实际，按照《高等学校实验室安全检查项目表》进一步完善检查项目、细化检查要点，进行“全过程、全要素、全覆盖”的隐患排查和整改工作，严格做到不放过任何一个漏洞，不丢掉任何一个盲点，不留下任何一个隐患，重点开展易燃、易爆、剧毒、易制毒、易制爆试剂采购、储存、使用、废弃物处置及生物安全隐患等的专项排查整治。清华大学实验室管理处副处长艾德生对《高等学校实验室安全检查项目表（2022）》修订内容以及本年度检查重点进行了详细解读。苏州大学实验室与设备处处长魏永前和中国矿业大学安全科学与应急管理研究院院长李爽分别做了《苏州大学实验室安全管理体系的构建与实施》和《双重预防机制在实验室安全管理中的应用》的报告。   培训会后，刘杰强调，学校实验室安全工作需要常抓不懈，需要不断创新工作思路和举措。实验室安全工作需要联动单位加强协同，从实验室建设开始，到日常使用和维护、人员配置和经费落实等都需要齐抓共管，一体化推进学校在实验室安全管理理念、操作层面、落实层面和实际效果层面真正出实招、见实效。他要求，对前期检查出的危化品、消防等安全隐患要尽快整改到位，并对责任体系建设、制度建设、督查检查、培训教育、分级分类管控、实验室规范操作、日常工作台账和危险源清单等方面逐一查缺补漏。  实验室与设备管理处处长马腾表示，实验室安全是学校整体安全工作的重要部分，是保障教学、科研工作有序、规范、安全的前提，责任重大，要求各实验室对照《高等学校实验室安全检查项目表（2022）》，逐一整改存在的安全隐患。学校实验室安全工作领导小组成员单位承担着实验室安全人才队伍建设、经费支持、科研项目风险评估、教育培训、基础条件建设、消防安全、水电安全等任务，希望部门间进一步协同工作，不折不扣地落实教育部相关要求，全力排查实验室安全隐患，以扎实的工作实效迎接教育部的实验室安全现场检查。（编辑 王俊芳 审稿 陈华文）  Copyright 2000-2019 中共中国地质大学（武汉）委员会宣传部　　地址：湖北省武汉市鲁磨路388号　　地大新闻网投稿热线：027—67884294　　投稿信箱：xbbjb@cug.edu.cn,2022-04-25 00:00:00,Our school organizes the Ministry of Education 2022 University Laboratory Safety Training Association
我校组织收看全国普通高校毕业生就业工作视频会,http://voice.cug.edu.cn/info/1032/19824.htm,China University of Geosciences,Institution,发表时间：2022-04-25作者：网站编辑：庞伟红来源：地大新闻网点击：次   地大新闻网讯（刘志兴 彭鑫 郭玉凤）日前，2022届全国普通高校毕业生就业工作第三次调度视频会议在北京召开，我校在南望山校区师生交流厅设立分会场，副校长刘杰，学生就业指导处全体人员、各培养单位分管学生工作副书记参加会议。 视频会上，重庆市教育委员会副主任金玲，中共云南省委教育工委副书记、省教育厅党组成员陈世波，华中科技大学党委副书记马建辉，青岛大学校长夏东伟，江西旅游商贸职业学院党委书记吴小平依次作交流发言。 教育部高校学生司副司长吴爱华指出，党中央、国务院高度重视高校毕业生就业工作，2022届高校毕业生就业面临多重压力。他分析了当前就业形势与进展，通报了访企拓岗促就业专项行动、国家“24365”大学生就业服务平台、学科专业点毕业去向落实率反馈、实施供需对接就业育人项目、开展“宏志助航计划”和就业创业政策宣传等工作的进展和推进情况，对5月份开展的就业促进周、百日冲刺系列活动等工作进行了安排布置。 教育部学生服务与素质发展中心副主任宁小华介绍了国家“24365”大学生就业服务平台的发布、推广情况，并讲解了各省市就业驾驶舱、访企拓岗促就业专项行动登记等新增功能。 学生就业指导处处长严嘉对近期就业工作安排进行布置。 刘杰要求，全校各培养单位要认真学习此次调度视频会议精神，提高认识、主动作为、夯实责任，结合当前毕业生就业工作时间节点，抢抓毕业生求职关键期，全力促进我校毕业生更充分和更高质量就业。（编辑 庞伟红  审稿 陈华文）  Copyright 2000-2019 中共中国地质大学（武汉）委员会宣传部　　地址：湖北省武汉市鲁磨路388号　　地大新闻网投稿热线：027—67884294　　投稿信箱：xbbjb@cug.edu.cn,2022-04-25 00:00:00,Our school organizes the national college graduate employment work video meeting
我校召开乡村振兴与定点帮扶工作领导小组会议,http://voice.cug.edu.cn/info/1032/19815.htm,China University of Geosciences,Institution,发表时间：2022-04-24作者：网站编辑：王俊芳来源：地大新闻网点击：次  地大新闻网讯（通讯员 席志波 摄影 李洁） 4月22日，我校2022年乡村振兴与定点帮扶工作领导小组会暨新一轮援派挂职干部座谈会在南望山校区东区教学综合楼A701会议室召开。校党委书记黄晓玫、副校长刘杰、相关单位负责人、新一轮援派挂职干部参加会议。  刘杰主持会议并领学了习近平总书记近期关于乡村振兴工作的重要讲话和指示精神，传达学习了2022年中央一号文件精神和教育部乡村振兴工作领导小组会暨巩固拓展教育脱贫攻坚成果同乡村振兴有效衔接工作推进会会议精神。 党委组织部部长陈文武宣读了《关于组建新一轮定点帮扶工作队的通知》。她要求，援派挂职干部要加强理论学习，坚定理想信念，严守政治纪律和政治规矩，发挥专业优势，凝心聚力做好乡村振兴和定点帮扶工作。 校友与社会合作处副处长张延平、竹山工作队队长李杰分别汇报了我校2021年定点帮扶云南省施甸县、湖北省竹山县工作情况及2022年工作计划。 座谈交流环节，黄维雄、陈全莉、吴杰、张莹、李杰、田欢、张文军、席志波等8位新任援派挂职干部发言。大家一致表示，将不负重托，不辱使命，传承创新，坚决完成帮扶任务。 各与会单位负责同志结合本单位所承担的定点帮扶具体工作，分享经验、探讨思路、提出建议。大家表示，将按照学校统一部署和要求，做好援派挂职干部的坚强后盾，落实各项责任和举措，为巩固脱贫攻坚成果、全面推进乡村振兴贡献地大力量。   黄晓玫总结讲话。她充分肯定了各单位在定点帮扶工作中取得的成绩，并代表学校向大家的辛劳与付出表示感谢。她说，定点帮扶是一项重要的政治任务，各单位要按照党中央、教育部的统一部署要求，进一步提高政治站位，不断优化“援派干部+科研团队”的地大帮扶模式，持之以恒、久久为功，为乡村振兴贡献智慧和力量，彰显地大的责任担当。 黄晓玫对新一轮援派挂职干部，提出四点要求。一是要加强学习，认真学习领会乡村振兴在国家层面的战略意义和深远影响。不仅要学习政治理论、大政方针，还要学习帮扶地的发展规划、风土人情，也要学习熟悉学校在定点帮扶方面具有的学科、资源优势，盘清家底，善于发力。二是要融入当地，要扎下根、俯下身，与当地老乡同吃同住，做到知民情、解民意、交朋友、办实事，千方百计惠民生，用实际行动做出让百姓看得见、摸得着、得实惠的业绩。三是要善于沟通。作为学校选派的干部，肩负学校使命，代表学校形象，要充分发挥桥梁和纽带作用，善于捕捉当地需求信息，积极整合各方资源，让地大的优势特色和在帮扶地“开花结果”，实现双赢。四是快速成长。学校把选派干部到地方挂职锻炼作为加强队伍建设、提升干部能力的有效举措。希望大家珍惜锻炼机会，严格自律、担当尽责、真抓实干，切实维护好挂职干部、地大教师的良好形象，全身心投入定点帮扶和乡村振兴事业。（编辑 王俊芳 审稿 陈华文）  Copyright 2000-2019 中共中国地质大学（武汉）委员会宣传部　　地址：湖北省武汉市鲁磨路388号　　地大新闻网投稿热线：027—67884294　　投稿信箱：xbbjb@cug.edu.cn,2022-04-24 00:00:00,Our school held a resolution of rural rejuvenation and fixed-point help work
书香飘过校园：世界读书日主题阅读推广活动举行,http://voice.cug.edu.cn/info/1032/19813.htm,China University of Geosciences,Institution,发表时间：2022-04-22作者：网站编辑：王俊芳来源：地大新闻网点击：次   地大新闻网讯（通讯员 徐燕 刘安璐 摄影 王俊芳 梁睿华 石欣宇）4月23日是第27个世界读书日，为倡导全民阅读、浓厚书香地大氛围，迎接70周年校庆，4月22日，我校举行第六届书香文化节暨“书香飘过七十年”校庆主题阅读推广活动。中国科学院院士殷鸿福，湖北省新华书店集团有限公司董事长邱从军，副校长赖旭龙，校党委副书记王林清，校党委常委、宣传部部长储祖旺，相关单位负责人以及学生代表参加活动。    赖旭龙致辞。他指出，在世界读书日举办书香文化节，是地大坚持了六年的校园文化活动，是地大知识传播的品牌，也是学校建设书香校园的重要举措。在全球携手抗疫的背景下，营造浓厚的读书氛围，倡导全民阅读，就是要让师生在书香中感悟生命美好，汲取奋进力量。他号召全体师生一起翻开书籍，享受阅读，让智慧的阳光照亮人生，让阅读在地大蔚然成风，共建书香校园，共享文明校园。  活动中公布了院士、名师年度荐书名单。其中，殷鸿福推荐的书目是《古文观止》《菊与刀》《不朽》《野火集》《钢铁是怎样炼成的》《瓦尔登湖》《温家宝地质笔记》《文明的冲突与世界秩序的重建》。国家教学名师唐辉明教授推荐的书目是《书谱》《唐宋八大家》《论语》《科学的历程》《当代西方哲学》《中国通史》《世界简史》；国家教学名师龚一鸣教授推荐的书目是《地学革命风云录》《地质演化突变观》《物种起源》《平凡的世界》《爱因斯坦谈人生》《如何成为卓越的大学教师》《刘东生——揭开黄土的奥秘》《地球系统与演变》。    图书馆首任学生馆长、经济管理学院2020级研究生牛烨荧宣读阅读倡议书。她号召全体同学积极行动起来，多读书、读好书，让阅读成为一种爱好，传承地大精神，用书香涤荡心灵，让地大弥漫书香。    图书档案与文博党委书记帅斌宣读2021年度跑馆达人名单并颁奖。根据进出图书馆大数据记录，图书档案与文博部评选出2021年度十大“跑馆达人”。机械与电子信息学院郭亮、邓杰同学，海洋学院陆俊超同学、地球物理与空间信息学院汪超同学、工程学院丁源同学、自动化学院李辉航同学、材料与化学学院邓梦婷同学、计算机学院刘林凯同学、经济管理学院尹艳悦同学、经济管理学院杨政同学被评为十大“跑馆达人”。     图书档案与文博部部长刘先国宣读2021年度借阅之星名单并颁奖。根据借阅数据，图书档案与文博部评选出2021年度十大“借阅之星”。外国语学院刘春华老师、自动化学院李鑫威同学、公共管理学院汪金峰同学、材料与化学学院张旺龙同学、地球物理与空间信息学院周春凯同学、马克思主义学院张珍珍同学、机械与电子信息学院何珺同学、计算机学院丁少涵同学、经济管理学院李木子同学、工程学院胡建辉同学被评为十大“借阅之星”。   湖北新华书店董事长邱从军向学校捐赠图书，储祖旺代表学校接受捐赠。    王林清宣布“书香飘过70年”校庆主题阅读推广活动正式启动。他代表学校邀请海内外校友参与“书香飘过七十年”主题阅读推广活动，向学弟学妹们推荐一本在校时读到的印象深刻、有思想启迪的书籍，让师生校友共同感受文学的美、科学的真、思想的深，充分挖掘并彰显地大作为湖北十佳书香校园、全国文明校园的阅读特质和文化内涵，涵养优良学风。      在“书香飘过70年”校庆主题阅读推广第一期活动中，殷鸿福院士以《读书改变我的人生》为题做读书分享，结合自己70多年的读书、学习、工作经历，从读书带来机遇、读书探索道路、读书培养人才三个方面，与学生代表分享了读书心得。  据悉，今年的地大书香文化节将开展主题鲜明、形式多样、线上线下结合的系列读书活动，包括2021年度畅销书展、知识产权科普展，印象图书馆 PPT设计大赛，“品经论典、书影随行 ”第三届 中国地质大学（武汉）书评影评大赛暨湖北省高校书评影评大赛选拔赛，“知海寻宝”线上知识竞赛，“喜迎二十大·青春逢盛世·奋斗正当时”线上知识竞赛，“云上雅游、阅读无处不在”阅读创意作品有奖征集活动，2022年SD电子书检索竞赛中国地质大学（武汉）专场，incoPat新科技检索大赛，Wiley在线图书推荐活动，Emerald美学与名画趣味竞赛，搜知首届讲书人大赛，“知”海畅游系列公益讲座，万方公开课之“论文读写入门”系列活动，维普读书月系列活动，科睿唯安知识产权系列讲座等，以尚学之风激扬奋进之志，用浓浓书香启航新征程。（编辑 王俊芳 审稿 陈华文）   Copyright 2000-2019 中共中国地质大学（武汉）委员会宣传部　　地址：湖北省武汉市鲁磨路388号　　地大新闻网投稿热线：027—67884294　　投稿信箱：xbbjb@cug.edu.cn,2022-04-22 00:00:00,The book is fragrant through the campus: the world reading day theme reading promotion activities held
疫情防控：安全保卫工作“不打烊”,http://voice.cug.edu.cn/info/1032/19809.htm,China University of Geosciences,Institution,发表时间：2022-04-22作者：网站编辑：王俊芳来源：地大新闻网点击：次 地大新闻网讯（通讯员 许微 魏刚）在校园里，他们24小时守卫学校大门；他们开着巡逻车穿梭于校园每个角落，被学生们亲切地叫作“保安大叔”。他们是学校安全的守护者，更是疫情防控的逆行者。在校园疫情防控中，他们反应迅速、“待机”时间长。他们，就是安全保卫部的卫士们！  2022年春季开学以来，武汉市和学校疫情防控形势严峻。安全保卫部认真贯彻落实属地政府和学校关于疫情防控的部署要求，把疫情防控作为当前的核心任务，以实际行动践行初心、担当使命，尽职履责、守牢防线，坚决守严门、管住人、把好关，各项工作落实落细落小，为师生员工筑起校园防控的“第一道防线”。    东一门安保人员检查进校车辆人员健康码、行程卡  许微 摄 根据学校疫情防控工作总体部署，结合疫情管控需要，安全保卫部坚决落实“守好大门、杜绝输入”的硬要求。随着校园疫情防控措施提级扩面，及时调整门禁放行模式，对校内师生员工、家属区住户、社会人员等不同人群进行科学分类管理。外来人员“非必要、不入校”，师生“非必要、不外出”。人脸识别系统紧急调整，入校人员及入校车辆严格查验健康码、行程卡、检查核酸检测阴性报告，车辆随行人员必须下车由人行闸机通行。所有人员需核查身份并检测体温方可入校。  升级的校园管控措施，在初期时有个别师生和来访人员不理解、不配合，给身处一线的他们带来不小的“麻烦”。“我的车辆已经登记了，怎么现在进不去了？”“我是退休老职工，我已经录脸了，为什么不让我出校！”“我是学生，在校外租住的房子，就让我出去拿一下东西吧？”随着疫情的动态发展，防疫措施也随之变化和调整，安全保卫部既要把防控要求落地执行，更要让防控意识深入人心。  面对被堵在校门口的各类人群，他们必须冷静克制地处理，需要不厌其烦地给未办理手续临时到访的车辆宣讲防疫政策，苦口婆心地向老教师讲学校防疫要求，变着花样对想要外出的学生谈大局、认形势、讲纪律。这样的解释工作每天要重复无数遍，说到口干舌燥、喉咙沙哑，但卫士们没有一句怨言，而是按学校防疫要求，严格落实管控措施。“严防死守，才能保校园一方平安。”这是他们的共识。    东二门人行闸机入口维持交通秩序  张献文 摄  由于时间紧、任务重，在一线执勤人员紧缺的情况下，安全保卫部部长代清风带领党员领导干部靠前指挥，下沉一线，带班值守，严格落实校园疫情防控措施，全力把守校园疫情防控“第一关”，竭尽全力守护广大师生安康，守护校园安全。  截至4月20日，南望山校区已进行了十五轮全员核酸检测，安全保卫部与校医院、后勤保障部等二级单位积极配合，设置检测通道、拉警戒线，托运核酸检测物资，引导检测并维持现场秩序，确保核酸检测顺利完成。安全保卫部副部长彭冠军以身作则，在带班指挥治安科工作之外，先后八次作为采样点点长，组织协调核酸检测工作。    连夜布置检测现场 师迪 摄  东区综合楼核酸检测查看健康码  许微 摄   西区体育馆检测现场维持秩序 张献文 摄  安全保卫部一直坚持四个“24小时”：校园110报警电话24小时响应，校内监控24小时开启，门岗值守24小时在岗，校内巡逻24小时不间断。结合疫情防控和安全稳定工作需要，安全保卫部既严管严控，又灵活有温度。  在治安科有一支队伍叫应急组，他们长期工作在一线，始终秉承“服务师生，专业处置，依法应对”的服务理念，担负着应急处突，消防灭火，治安巡逻，打击犯罪，调解纠纷，维护交通等多重任务。常态化防疫期间，应急组24小时不间断在校内巡逻，加强重点区域管控，及时处理突发事件。疫情防控期间，校园内的突发事件更多样，更复杂。地大卫士们必须要快发现，快处理，这样师生才更有安全感。    应急处突工作组24小时待命  叶波 摄  在校园110监控中心有一支硬核队伍——技术小组，他们由年轻的技术骨干组成，负责管理和维护校园视频监控系统、安防系统和闸机管理系统。在安全保卫部副部长郭敬印的领导之下，他们既是默默的幕后工作者，也是安全保卫部的安全卫士。  “校外人员非必要不进校，校内人员非必要不出校。”非常时期的非常之举，给师生带来诸多不便。在符合疫情防控规定范围内，最大程度满足师生的要求，技术小组联合党委学生工作部、信息化工作办公室升级改造学生请假系统及闸机管理系统。经过几个昼夜的努力，最终通过了全功能测试、压力测试、部署联调测试等技术环节，系统顺利上线，保障了教职工、学生和访客出入校园需求，减少了在校师生在疫情管控期间的心理压力。   面对严峻的防疫形势，安全卫士们将继续全力以赴地投身校园疫情防控和安全稳定工作，严格执行学校疫情防控各项工作要求，强化校园安全管理，提升疫情防控工作效能，做到守土有责、守土担责、守土尽责，当好全校师生平安的“守护人”，在平凡的岗位上以实干和坚守，筑牢校园疫情防护墙。（编辑 王俊芳  审稿 陈华文） Copyright 2000-2019 中共中国地质大学（武汉）委员会宣传部　　地址：湖北省武汉市鲁磨路388号　　地大新闻网投稿热线：027—67884294　　投稿信箱：xbbjb@cug.edu.cn,2022-04-22 00:00:00,"Epidemic prevention and control: Safety and security work ""Do not fight"""
教学科研机构校庆工作交流推进会召开,http://voice.cug.edu.cn/info/1032/19812.htm,China University of Geosciences,Institution,发表时间：2022-04-22作者：网站编辑：庞伟红来源：地大新闻网点击：次   地大新闻网讯（通讯员 王焱 摄影 王俊芳 刘文涵）4月21日，70周年校庆迎来倒计时200天，学校召开教学科研机构校庆工作交流推进会，通报交流工作进度，研究推进校庆工作。在校校领导，党委常委，校长助理，各校庆专项工作组牵头单位负责人，各教学科研机构负责人、校庆工作联系人等参加会议。校党委副书记王林清主持会议。    会议发布了70周年校庆旗帜；校友与社会合作处解读了《接受社会捐赠管理办法（修订）》；校史馆建设工作领导小组办公室汇报了校史展陈学院板块相关工作安排。  地球科学学院等25个教学科研机构，从办学经验总结宣传、校友联络与筹资、学术活动、文体活动等方面，汇报交流本单位校庆工作进展及进度安排。  与会校领导充分肯定了各单位校庆筹备工作，分别就进一步完善学院工作方案、做好办学经验总结宣传、推进校友联络与社会合作、提升国际交流水平、厉行节俭办庆等工作提出要求。  王林清强调了教学科研机构在校庆和校友工作中的特殊重要地位，他要求各单位加强谋划，久久为功，从在校生培养做起，注重为校友提供更多的支持和服务。要远近结合，扎实做好70周年校庆各项工作，总结宣传好办学成就和经验，突出学术特色，搭建沟通平台，让更多的师生校友和社会各界参与校庆活动。要以本次校庆为契机，开展必要的总结反思，内聚人心、外塑形象，提升大学精神对学校发展的强大支撑力和辐射力，从而获得未来更新更强的竞争优势。要激励全体师生和校友继续发扬艰苦奋斗的优良传统，砥砺前行，为早日实现地球科学领域世界一流大学的地大梦不懈奋斗，以优异的成绩献礼党的二十大和学校70华诞。（编辑 庞伟红  审稿 陈华文）  Copyright 2000-2019 中共中国地质大学（武汉）委员会宣传部　　地址：湖北省武汉市鲁磨路388号　　地大新闻网投稿热线：027—67884294　　投稿信箱：xbbjb@cug.edu.cn,2022-04-22 00:00:00,Teaching Research Institute Celebration Work Exchange Promotion Association
珍爱地球，人与自然和谐共生：世界地球日主题宣传周启动,http://voice.cug.edu.cn/info/1032/19811.htm,China University of Geosciences,Institution,发表时间：2022-04-22作者：网站编辑：王俊芳来源：地大新闻网点击：次      地大新闻网讯（通讯员 徐燕 隋吉祥 陈晶 刘安璐  摄影 王俊芳  张鸿等）4月21日，在第53个世界地球日来临之际，我校在逸夫博物馆举行第53个世界地球日主题宣传周活动暨“宜居地球”科普大讲堂启动仪式，以“珍爱地球，人与自然和谐共生”为主题，开展了科普舞台剧表演、“宜居地球”科普大讲堂、科学实践等系列科普活动。   湖北省科技厅副厅长吴骏，湖北省科协副主席朱志斌，湖北省科技厅外专处处长吴勇杰、副处长杜纯，湖北省科协学会部副部长陈玉芬，洪山区科协主席邱玲，我校党委书记黄晓玫，校长、中科院院士王焰新，副校长赖旭龙，党委副书记王林清，校党委常委、宣传部部长储祖旺，相关单位负责人参加了活动启动仪式。   赖旭龙主持仪式。    黄晓玫致辞。她说，多年来，我校始终坚持弘扬“谋求人与自然和谐发展”的价值观，自觉肩负高等教育“国家队”的责任担当，发挥在地质、资源、环境等领域的学科优势，积极开展科普教育，向全社会传播生态文明价值理念，努力为湖北省全民科学素养提升做出地大贡献。她表示，学校将坚持“四个面向”，聚焦“美丽中国、宜居地球”建设，不断完善地球系统科学学科布局，加快推进地球科学创新发展，提升原始创新能力和解决资源能源、环境健康、绿色低碳、深地深空深海、地质灾害和人居安全等领域重大问题的能力。同时，我校还将持续提升教育服务能力，制定“科普服务能力提升计划”，打造“美丽中国讲师团”“宜居地球大讲堂”等一系列科普品牌，推动科技人力资源、设施资源和成果资源的科普化，提升科普传播能力。    吴骏充分肯定了我校在创新科普形式、开展科普活动、打造科普品牌、建设科普基地等方面做的实践探索。他表示，科技创新、科学普及是实现创新发展的两翼。建设科技强省，科技创新要顶天立地，科学普及要铺天盖地，既要加强科技创新、做优塔尖，也要推进科学普及、夯实塔基。湖北省科技厅将积极推进全域科普纵深发展，围绕加强科普制度建设、优化科普顶层设计、夯实科普阵地建设、组织科普重点示范活动等，营造尊重科学、崇尚创新的良好氛围。    朱志斌为“全国科普教育基地”授牌，我校逸夫博物馆馆长刘先国接牌。   王林清为中国地质大学逸夫科普讲解队授“全国高校百强学生社团”锦旗。    储祖旺为参加“自然笔记”科普作品大赛和环保主题绘画大赛的获奖学生颁奖。此次环保主题绘画大赛26人获奖，“自然笔记”科普作品大赛10人获奖。   “欧洲全称欧罗巴洲，由于工业发达，它一直都面临着许多环境问题。那么，到底是什么让这里的人类在短时间内大量死亡？让森林病入膏肓？那就是人称‘空中死神’的酸雨。接下来，让我们听听酸雨的自述吧。”我校附属学校高晨雪、李尚洋、胡家慧、陈怡汐、侯尧同学，带来了带来趣味性十足的科普舞台剧《欧罗巴的眼泪——地球酸雨》，以童话故事的形式，讲述酸雨给环境带来的危害。最后，同学们一起呼吁：保护地球，从我做起！   在余子牛、代雨涵、张尹捷同学的领唱下，附属学校学生带来歌曲《用爱守护地球》。    附属学校五（2）班石馨雅宣读了“珍爱地球，人与自然和谐共生”倡议书，呼吁大家保护环境、呵护地球。    我校地学科普研究与创作中心主任胡祥云、中国地质大学出版社社长毕克成交换了“地学科普图书创作与出版基金”签约文本。据悉，为进一步做实我校的科普工作、激励教师将科研成果转化为科普读物，地学科普研究与创作中心与校出版社共同出资100万元，设立“地学科普图书创作与出版基金”，支持优秀科普图书原创和出版。    黄晓玫、王焰新、吴骏及与会嘉宾和学生代表共同开启屏幕，宣布第53个世界地球日主题宣传活动周暨“宜居地球”科普大讲堂正式启动。   “泉是人类最早认识、利用的地下水露头。从黄河文明到长江文明，一江一河孕育了中华民族5000年的文明史，地下水的文化属性在历史上留下了浓墨重彩的一笔。”启动仪式后，王焰新开启了“宜居地球”科普大讲堂第一讲《地下水与环境》，吴骏为王焰新颁发“宜居地球”科普大讲堂第一讲纪念证书。    在讲座中，王焰新从泉、井与人类文明，地下水与生态环境，水的起源、哲理与地下水科学三个方面，深入浅出地介绍了地下水科学。他从泉、井的水源和水量的区别，展现地下水研究的几大方面：地下水动力学、地下水流动系统与地下水年龄、水文地球化学。他强调，地下水质量关系到人类健康和生态系统的发展与演化，一部人类文明史就是一部对地下水起源的探索史。地下水科学作为当采学科、学科交叉融合区、新技术新方法汇集地，将在美丽中国建设中发挥重要作用。   “变废为宝”手工制作  刘梓琪 摄   科普课堂  彭晶 摄   “变废为宝”手工制作、“珍珠的奥秘”“沉睡已久的化石”科普课堂……前来参加活动的大学生、中学生和小学生，分别在逸夫博物馆大厅、三楼达尔文实验站和科普教室开展了科学实践活动，逸夫博物馆科普人员带领学生们动手制作珍珠首饰和化石拓片。     4月22日，工程学院窦斌教授开展线上科普讲座《地球是个充热宝》，从地球的演化及结构，讲述地热成因及开采利用方式，助力我国早日实现碳中和，服务“美丽中国、宜居地球”建设。  4月23日至24日，逸夫博物馆将开展富有挑战性的“寻宝科学家”系列亲子研学活动。  王焰新表示，希望通过此次活动，进一步学习贯彻习近平生态文明思想，引导社会公众树立“绿水青山就是金山银山”和“人与自然和谐共生”的理念，将绿色发展理念落实到日常行动中，并肩同行，为自己、为社会、为国家、为世界创造更加美好的未来。   学生展示环保作品  李富强  摄   学生现场涂鸦环保作品  李富强  摄   环保作品展  张鸿  摄   学生了解生物多样性   葛文靓 摄   学生参观磁悬浮地球仪  张鸿 摄   本次活动由我校、湖北省科学技术厅、湖北省科学技术协会、湖北省自然资源厅和湖北省地质局主办，我校逸夫博物馆、校科协、地球科学科普研究与创作中心、党委宣传部、附属学校、出版社、远程与继续教育学院、湖北地质科学院具体承办。（编辑 王俊芳  审稿 陈华文）   Copyright 2000-2019 中共中国地质大学（武汉）委员会宣传部　　地址：湖北省武汉市鲁磨路388号　　地大新闻网投稿热线：027—67884294　　投稿信箱：xbbjb@cug.edu.cn,2022-04-22 00:00:00,"Cherish the earth, people and nature harmony and symbiosis: World Earth Day theme publicity week start"
校长王焰新一行赴中南市政总院开展“访企拓岗促就业”专项调研,http://voice.cug.edu.cn/info/1032/19806.htm,China University of Geosciences,Institution,发表时间：2022-04-20作者：网站编辑：庞伟红来源：地大新闻网点击：次 地大新闻网讯（通讯员 余尚蔚 刘志兴）为认真贯彻落实党中央、国务院关于高校毕业生就业工作的决策部署，按照教育部办公厅《关于开展全国高校书记校长访企拓岗促就业专项行动的通知》要求，4月14日，校长王焰新、副校长刘杰一行前往中南市政总院开展调研，就进一步加强科研联合攻关、人才培养合作、科技平台建设、促进学生就业等进行深入交流。中南市政总院党委委员、副院长、总工程师李国洪主持会议。     中南市政总院党委副书记、副院长李伟国表示，地大多年来培养和输送了一批优秀人才到中南市政总院工作，受到了一致好评。他希望院校双方建立常态化交流互访机制，创新合作方式，在科技项目联合攻关、科技平台共建、研究基地共享、人才培养、学生实习实训、导师互聘、职工深造等方面开展广泛合作，将院校合作之路走深、走实、走宽。  中南市政总院党委组织部（人力资源部）部长皮文强介绍人才工作情况及校企合作设想，副总工、科研院院长万年红介绍科研工作情况。我校实验与设备管理处处长马腾介绍长江实验室筹建情况，双方参会人员就科技联合攻关、学生实习实训、院校定向招聘等进行了充分交流。  王焰新指出，学校始终坚持把立德树人作为根本任务，充分发挥办学特色，在人才培养、科学研究、社会服务、学科建设、国际交流与合作等方面取得了丰硕成果，这离不开中南市政总院等单位长期以来的支持。学校与中南市政总院人文相亲、专业相通、领域相近，在地质工程、生态环境、数字信息、材料化学等方面的合作大有空间、大有作为。他表示，学校高度重视毕业生就业工作，希望通过开展“访企拓岗促就业”专项行动，全面深化校企合作，促进供给需求有效对接，促进毕业生更加充分、更高质量就业。他希望双方未来进一步加强产学研用合作，深化产教融合，努力实现创新驱动发展。他强调，更高水平的开放才能促进更高质量的发展，要扩大合作、提升层次、务实有效，校内相关单位要聚焦、紧盯、跟进、落实合作要求，提高能力强服务，加强合作促发展，为“十四五”高质量发展汇聚资源和力量。    根据教育部、湖北省教育厅工作部署，学校结合实际，制定了《关于开展校领导访企拓岗促就业专项行动的工作方案》，通过发挥书记、校长以及校领导班子成员带头做好毕业生就业工作的重要示范作用，开拓更多优质就业岗位，开展社会需求调查，推动人才培养面向国家重大战略需求、行业区域发展需求，全力促进我校毕业生更加充分更高质量就业。目前，各项促进就业的举措正在推进。（编辑 庞伟红  审稿 陈华文）   Copyright 2000-2019 中共中国地质大学（武汉）委员会宣传部　　地址：湖北省武汉市鲁磨路388号　　地大新闻网投稿热线：027—67884294　　投稿信箱：xbbjb@cug.edu.cn,2022-04-20 00:00:00,"President Wang Yanxin and his party went to the Central South City General Court to carry out a special survey of ""Visiting Enterprises Expansion and Employment"""
师德模范沈传波：以身立教 学生如沐春风里,http://voice.cug.edu.cn/info/1032/19805.htm,China University of Geosciences,Institution,发表时间：2022-04-20作者：网站编辑：庞伟红来源：地大新闻网点击：次 地大新闻网讯（记者 庞伟红）“沈老师，您知道您和星星的区别吗？星星点亮了夜空，而您照亮了我的未来。”这是2019届毕业生、现就职于成都市金堂县规划和自然资源局的王佳宁写给导师沈传波的一句谢言。  沈传波是资源学院石油地质系教授，他至情至性、孜孜以求。在教学上，他以丰富的专业知识、精深的专业理论，严谨治学、认真施教；在学术上，他高中时便立下远大志向，20余年潜心钻研、锐意创新，努力为祖国寻找矿藏；在生活中，他以身立教，爱生如子、百般呵护，教会他们“做人、做事、做学问”。  “选择我所热爱的，坚持我所选择的”。近日，因其在教育教学方面的突出表现，沈传波被评为校首届师德模范，他用实际行动践行着人民教师为党育人、为国育才的初心与使命。  与地大结缘 立志为祖国寻找油气    1995年，还在潜江中学读高二的沈传波无意间在《湖北日报》看到一篇人物报道，报道整版聚焦地大“娃娃”教授郝芳在油气勘探方面的先进事迹，他深受触动。也就是在这篇报道中，沈传波了解到，祖国西部有着国民经济建设发展急需的石油和天然气资源，但当时整体勘探程度低，他觉得，从事石油和天然气勘探工作，是一项非常伟大的事业。他提笔给郝芳教授写了一封信，表达了想要学习石油及天然气地质专业、为祖国寻找油气资源的意愿。郝芳教授回信，对沈传波的志愿大加赞赏，鼓励他报考地大，为实现梦想打下坚实的专业基础。  就这样，为祖国寻找油气的梦想在沈传波的心中深深扎下了根。1997年高考填报志愿时，他以高出地大40多分的成绩，考上了当时的石油地质系石油及天然气地质专业，正式开启了他的油气地质之路。      科学研究是沈传波自高中时代起就为自己选定的人生方向。从本科、硕士到博士毕业留校，他已经在地大校园里走过25年。“耐得住做学术的寂寞，吃得了搞科研的苦头”是他秉持的科研态度。自2006年留校工作以来，他长期从事石油构造分析和油气成藏年代学等方面的研究，是湖北省构造—成藏年代学自然科学创新团队的负责人。沈传波带领科研团队面向国家能源安全的重大需求，聚焦油气勘探开发中的关键科学问题——油气来源和成藏时间开展研究工作。他先后主持国家自然科学基金项目5项，湖北省自然科学基金项目3项，中石油科技创新基金项目2项，国家油气科技重大专项子课题2项等多个项目的研究，在国际著名期刊发表论文30余篇，获国家授权发明专利7项。  因科研成果突出，沈传波入选自然资源部“杰出青年科技人才”、湖北省“新世纪高层次人才工程”，曾获得中国青年地质科技奖——银锤奖、国土资源科学技术奖二等奖、湖北省科技进步一等奖等，并获湖北省自然科学杰出青年基金资助。如今，沈传波逐渐成长为油气成藏年代学青年学者，他不断用知识铸就石油地质的基石，为年少时立下的志向不断努力着、奋斗着。   以身立教  用行动诠释教师之美   沈传波是一名科研工作者，更是一名大学教师。“育人立德，求实问真”是沈传波常常用于勉励自己的座右铭。从教16年来，他一直秉承着以身立教的理念，用行动诠释“最美”教师，细致、严谨又幽默的教学方式，深深地感染着身边的每一位学子。  沈传波始终认为，学生和老师间的关系应当是 “亦师亦友”，这既有传道授业的那份庄重，又不失促膝长谈的那份随和，而他特有的“问题驱动式”的教学方法，不仅活跃了气氛，而且更容易达成“传”和“授”之目的。     授课时的沈传波很“活”很认真。沈传波先后讲授了《资源导论》《石油勘探构造分析》《地热学基础》《含油气盆地分析》《能源矿产勘查理论与前沿》等多门本科生和研究生课程。教学中，他积极倡导以“问题驱使、目标导向、主动参与、乐于探究、交流合作”为主要特点的学习方式，将传统授课模式与小组讨论、创设问题情境、案例教学、项目式教学、翻转课堂等相结合，不断创新教学模式。在他的课堂中，学生们掌握的不仅仅是知识，更是如何解决专业问题的思维、方法和技能。  021174班金玉林回忆，沈传波上课永远饱含激情，一些枯燥单调的构造演化过程，如威尔逊旋回、加里东运动、印支运动等，在他的课堂上显得浅显易懂，就好像“一个小孩长大、叛逆、成熟”那么自然有趣。     野外实践教学中，沈传波很“潮”很幽默。为了让学生能够对野外的地质现象有更加清晰直观的认识，采用“互动式教学+专业软件辅助”的教学方式，通过引导学生自主观察、交流、探讨，然后结合讲解并借助专业地质软件和移动端应用进行演示，很多难题迎刃而解。  野外的实习环境往往比较艰苦，沈传波常常深入学生之中，了解大家的困难和需求，用幽默风趣的方式鼓励学生严格要求自己，培养集体主义和社会责任感，引导学生发现地质之美。曾和沈传波出过野外的021144班张毅同学说，一个半月的周口店地质实习中，沈老师会仔细地跟我们讲解典型的地质现象，帮助我们建立起野外地质调查的基本工作模式，并鼓励我们进行自主讲解，在实践中领悟地球科学的魅力。实习之余，沈老师经常到我们宿舍与我们谈心，解答我们实习、生活的疑惑，甚至会记得我们班部分同学的外号，让大家感觉和老师之间没有丝毫的距离感。  爱生如子  呵护青年全面成长   好老师能够感染学生的不仅仅是其渊博的学识，更重要的是他的人格魅力和生活细节。沈传波总是以一种亲和的态度待人，能够以积极的眼光发现学生身上的长处，对不同性格的学生，他都能以幽默的态度和发展的视角去引导、去鼓励。       2021年，本科生万晓帆团队备战“挑战杯”省赛时，导师沈传波从作品定题、孵化打磨、路演布展等方面，耐心细心地指导。足足两个多月，沈传波每隔两三天都会抽出时间，关切团队遇到的困难并给出建议，精益求精地修改作品，甚至每一个标点符号的错误都标记出来。“挑战杯对我来说是一次历练，我曾感到疲惫与灰心，但沈老师的点拨都让我找到自信”，万晓帆说，每每我沮丧时，沈老师都会在群里给我们留言鼓励，“过程比结果更重要，努力加油，你们肯定能行的”，这些鼓励让团队顺利进入了“挑战杯”的国赛。  沈传波连续12年担任班主任，没有缺席班级的一次班会，他充分把握每一次与学生面对面交流、心贴心对话的机会，聆听学生的心声、关注大家的困难。据021066班班长周俊林回忆，沈传波非常关心班级建设，特别关心班级贫困学生，一方面与班干部研究学校贫困生政策，另一方面找贫困学生交心。为了不伤害贫困生的自尊心，沈传波要求班级干部努力搞好班级建设评奖评优，用集体奖励充当班费，同时以班集体为单位，以党员为先锋在学校做勤工俭学，帮助院系打扫实验室、配合精品课程录像等活动获得班级经费。在不够开支的时候，他还拿出工资补充班费和活动经费，而当时沈传波刚工作，也没有什么积蓄，去德国做访问学者前，他专门留下3000多元活动经费，解决班级的班费问题。      沈传波对学生是出了名的好。有同学住院，他和妻子去医院多次探望，悄悄将慰问金放到果篮里；有学生参加科技论文报告会，他手把手教学生做实验、分析样品、处理数据；有学生要去边远地区支教，他鼓励学生用一年时间去做一件不后悔的事，知道学生在乡下生活清苦，还提供生活补贴，“和沈老师相处，让人如沐春风”，这是学生对沈传波的评价。  品格传承 鼓励学生走出去走下去     “一定要走出去，但出去一定要走回来。”这沈传波经常对学生说的话。沈传波在读本科时，一次讲座扩大了他的国际视野，并让他终身受益。后来他赴德国弗莱贝格工业大学做博士后研究，深知培养学生的国际视野和追求卓越精神的重要性。      沈传波认为，具有多学科的科研背景，更有利于学生们取得科研突破，为此他常常鼓励学生参加人工智能、大数据、新能源、地球物理和工程地质等方面的交流和学习。为了加强多元化学术和科研背景历练，培养具有国际视野和国际合作能力的一流人才，沈传波积极推荐学生到国际最前沿的科研团队进行学术交流和学习深造。      2019届硕士毕业生李凯目前受国家留学基金委资助，在德国波茨坦地学研究中心攻读博士，谈及导师沈传波，他充满感激：“沈老师一直致力于培养具有全球视野的拔尖人才，鼓励我们大胆走出去。在我申请公派攻博的过程中，沈老师总是耐心地为我提供国外院校及导师选择方面的建议，并大力推荐，也在百忙之中对我的申请材料进行了多轮细致的修改，帮助我顺利获得了国家留学基金委的资助。”  2021年，沈传波老师团队有1名青年教师和3名博士获得了国家留学基金委的资助，出国联合培养或深造。曾经出国深造的学生葛翔与刘泽阳均已回国，葛翔回到母校任教，刘泽阳在广州地球化学研究所从事科学研究，践行了导师“走出去走回来”的叮嘱。  沈传波不仅希望学生走出去，也鼓励学生走下去，“走出去是为了更优秀，回来报效祖国，而走下去，更是祖国所需要的”。  在田间地头，成都市2019届急需紧缺专业选调生、金堂县规划和自然资源局驻村干部王佳宁，正在向当地居民们宣讲国家的自然资源政策，毕业两年时间，她已成长为一名干练的基层女干部。“是沈老师带领着我叩开了地球科学和自然资源的大门，也是沈老师鼓励我走上了建设基层、服务基层的道路。”沈传波非常注重学生综合素质能力和家国情怀的培养，在他的支持下，王佳宁参加支教、应聘社区书记助理，并最终选择了前往西部基层工作。而这一切，都缘于沈传波在她心头埋下的那一颗理想信念的种子。  “带着专业知识到基层历练，怀揣报国梦想为人民服务，遵循你的初心前进，老师永远支持你！”石家庄市2021届选调生史邵贤最难忘的就是在面临人生路上的重要选择时，与导师沈传波的深夜长谈，让他更加坚定地选择了成为一名扎根基层的选调生。“温暖与真情，是我们从沈老师身上学习到的宝贵财富，我们也会将这份爱在为人民、为国家的服务和奉献的过程中继续传递下去。”（图片由受访人提供，部分由刘梓琪拍摄 审稿 陈华文 ）   Copyright 2000-2019 中共中国地质大学（武汉）委员会宣传部　　地址：湖北省武汉市鲁磨路388号　　地大新闻网投稿热线：027—67884294　　投稿信箱：xbbjb@cug.edu.cn,2022-04-20 00:00:00,Teacher's moral model Shen Chuanbo: Students who are studying students such as Mu Chunfeng
校长王焰新赴珠宝学院调研,http://voice.cug.edu.cn/info/1032/19795.htm,China University of Geosciences,Institution,发表时间：2022-04-19作者：网站编辑：王俊芳来源：地大新闻网点击：次   地大新闻网讯（通讯员 叶洪波）为推动学校“十四五”发展规划落实落地，扎实推进“双一流”建设，围绕学校2022年年度重点工作，4月18日，校长王焰新院士到珠宝学院开展调研，副校长王华，学校办公室、本科生院、研究生院、人力资源部、科学技术发展院、发展规划与学科建设处、就业指导处、校友与社会合作处、财务与资产管理部等部门主要负责人陪同调研。珠宝学院班子成员、三级单位负责人、教师代表等参加调研座谈，珠宝学院党委书记薛保山主持。  珠宝学院院长尹作为作题为《砥砺奋斗三十年，七秩荣光谋新篇》的工作汇报。他从学院基本情况、人才培养、科学研究、社会服务、国际合作、工作建议等六个方面作了详细汇报，并提出工作建议。杨明星教授、沈锡田教授、张荣红副院长先后就珠宝产业现状及发展趋势、学科专业建设、宝石相关专业委员会、国际化人才培养、设计专业人才引进等方面畅谈认识并提出工作建议。  与会部门主要负责人分别就珠宝学院建设提出指导意见。  王华说，珠宝学院面临新形势新要求，要继续敢于创新敢于拼搏，建大建强师资人才队伍，并对珠宝学院办学经验总结、发展定位、教育教学、博士点申报、实训基地建设等提出了明确要求。      校长王焰新讲话。他代表学校祝贺珠宝学院建院三十周年并对学院全体教职工表示问候。他高度肯定学院历届党政班子团结一致谋发展取得的成效。他指出，作为国内第一所珠宝学院，学院在基础办学条件、师资队伍建设、人才培养、学科专业发展、社会服务、行业引领等方面取得了显著成绩。他强调，新阶段的珠宝学院要高度重视党建工作和人才培养工作，着力在党建与业务深度融合上下功夫；要大力加强学科建设，进一步凝练方向，瞄准前沿，立足特色，在师资人才队伍建设、科技创新平台建设、国际交流与合作、博士点申报建设上持续发力；要坚定引领行业发展，高标准提前谋划，积极推进学科专业关联发展；要持续推进办学治院改革，加强绩效管理，为学校高质量发展做出珠宝学院的贡献。    调研座谈会后，王焰新、王华等现场考察珠宝学院实验室建设情况。（编辑 王俊芳 审稿 陈华文）  Copyright 2000-2019 中共中国地质大学（武汉）委员会宣传部　　地址：湖北省武汉市鲁磨路388号　　地大新闻网投稿热线：027—67884294　　投稿信箱：xbbjb@cug.edu.cn,2022-04-19 00:00:00,Principal Wang Yanxin went to the Jewelry College
我校举办2022年全民国家安全教育日宣传活动,https://voice.cug.edu.cn/info/1002/19807.htm,China University of Geosciences,Science,发表时间：2022-04-20作者：网站编辑：程晓龙来源：地大新闻网点击：次 地大新闻网讯 (通讯员 高浪 朱静)2022年4月15日是第七个全民国家安全教育日，为深入学习贯彻习近平总书记关于网络强国的重要思想，迎接党的二十大胜利召开，大力宣传国家网络安全工作取得的重大成就，学校办公室、党委宣传部、信息化工作办公室、本科生院、研究生院、党委教师工作部、计算机学院等单位，联合在校内举办系列宣传活动。    4月15日上午，信息化工作办公室、党委宣传部面向全体师生、离退休老同志和管理服务部门发放《网络安全意识口袋秘籍》，普及办公安全、个人安全和安全意识等知识，提升师生员工网络安全意识和防护技能。    4月15日至17日，信息化工作办公室联合计算机学院举办第三届校园CTF大赛，旨在激发学生对网络安全的兴趣，培养高水平的网络安全人才，优化校园网络安全防护体系。此次参赛学生规模从往年的数十人扩大到了三百余人，分为由本科生一、二年级组成的新生组和其他年级组成的老生组，经过三天两夜的激烈角逐，从新生组和老生组分别产生了1名一等奖、2名二等奖、5名三等奖及若干名优秀奖。  此外，学校办公室、党委宣传部、信息化工作办公室等相关部门，认真策划并线上开辟了国家安全教育宣传专栏、组织师生参加全国国家安全教育系列活动。（编辑 程晓龙 审稿 陈华文）  Copyright 2000-2019 中共中国地质大学（武汉）委员会宣传部　　地址：湖北省武汉市鲁磨路388号　　地大新闻网投稿热线：027—67884294　　投稿信箱：xbbjb@cug.edu.cn,2022-04-20 00:00:00,Our school held 2022 national national security education day promotion activities
探索地球奥秘：云南小学生“云”游逸夫博物馆,https://voice.cug.edu.cn/info/1002/19782.htm,China University of Geosciences,Science,发表时间：2022-04-18作者：网站编辑：程晓龙来源：地大新闻网点击：次  小学生们在云南楚雄栗子园社区会议室收看科普直播 张康摄  地大新闻网讯（通讯员 徐燕 隋吉祥 陈晶）为助力乡村振兴、文明社区建设，落实国家“双减政策”，4月16日，由我校、楚雄州共青团、楚雄市共青团联合主办，我校逸夫博物馆、我校研究生支教团承办的云游地球沧桑巨变长卷、共促人与自然和谐共生——中国地质大学逸夫博物馆、云南楚雄云科普直播活动举行。  直播主持人、博物馆讲解员唐晓玲带领云南楚雄州栗子园社区20余名小学生，走进逸夫博物馆，向孩子们科普生物和地球科学知识，激发他们探索科学、追求真知的好奇心。  20余名小学生跟随着直播镜头，零距离接触了逸夫博物馆生命起源与进化展厅和光华矿物精品展厅。即使隔着屏幕，也身临其境感受到了逸夫博物馆的独特魅力。   逸夫博物馆直播活动现场 隋吉祥摄  在生命起源与进化展厅，唐晓玲展示了面积为15.7平方米的海百合化石。随后，她介绍了地质年代表，展示了马门溪龙、黑龙江满洲龙、鹦鹉嘴龙、梁氏关岭鱼龙化石和恐龙蛋，介绍了生物大灭绝事件。   逸夫博物馆讲解员介绍矿物精品 隋吉祥摄  在光华矿物精品展厅中，唐晓玲展示了绿柱石、雌黄、水晶、菊花石、以及包括萤石夜明珠在内的诸多荧光矿物，这些荧光矿物在光线不同的环境下呈现出不同颜色。   科普工作人员在逸夫博物馆讲解化石拓印步骤 徐燕摄  孩子们认真学习化石拓印 张馨月摄  我校研究生支教团队员和孩子一起拓印化石 张馨月摄  孩子们展示化石拓印成果 陆煜迪摄  直播过程中，我校研究生支教团的成员，在逸夫博物馆科普工作人员的带领下，和孩子们一起动手进行了三叶虫化石拓印。  楚雄市鹿城小学小花山校区二年级李发磊兴奋地说：“这个活动让我体会到了地球的奥秘、大自然的神奇，希望以后还能参加这样的活动，更希望能有机会到逸夫博物馆亲眼看一看。”   逸夫博物馆馆长刘先国表示，希望通过云直播线上看展的方式，让广大观众，尤其是中小学生感受化石的厚度与温度，跨越时空界限，近距离感受博物馆的多样魅力。  逸夫博物馆是国家二级博物馆，获得国内高校博物馆首家4A景区、全国中小学生研学实践教育基地、全国科普教育基地等一系列荣誉称号。近年来，逸夫博物馆积极探索“云上科普”形式，讲好地球故事和生态文明故事，在新华网、央视频等平台直播近20场科普活动，累计观看量4百万人次，取得了较好的科学传播效果。   研究生支教团成员、社区工作人员和孩子们在一起 张馨月摄  据我校研究生支教团云南队长张馨月介绍，自2006年在云南楚雄龙江中学设立支教点以来，支教团已有62名成员接力奋斗在祖国西部云南省中小学基础教育的第一线。她表示，作为地大的学子，同时作为在基层服务的支教教师，有责任让创新的地学科普活动走向西部，推动服务地落实双减政策以及创建文明社区政策的开展，助力乡村振兴。研究生支教团也将一直在地球科学普及和生态环境保护宣传方面主动作为，勇于担当，为建设美丽中国，促进人类与自然和谐共生贡献力量。(编辑 程晓龙 审稿 陈华文)  Copyright 2000-2019 中共中国地质大学（武汉）委员会宣传部　　地址：湖北省武汉市鲁磨路388号　　地大新闻网投稿热线：027—67884294　　投稿信箱：xbbjb@cug.edu.cn,2022-04-18 00:00:00,"Explore the mystery of the earth: Yunnan primary school students ""cloud"" tour Evil Museum"
大学生国际交流项目校园巡回宣讲会启动,https://voice.cug.edu.cn/info/1002/19779.htm,China University of Geosciences,Science,发表时间：2022-04-18作者：网站编辑：王俊芳来源：地大新闻网点击：次 地大新闻网讯（通讯员 刘婧宙）4月14日，由国际教育学院主办的2022大学生国际交流项目宣讲会，首站在经济管理学院报告厅举办。经济管理学院党委书记杨昌瑞、党委副书记李少杰、副院长王广民和来自未来城校区5个学院的同学参会，国际教育学院副院长范陆薇主持宣讲会。  李少杰致辞，就“十四五”新时期大学生国际交流的新机遇、新发展进行分析，并寄语大学生们“立志、明德、成才、担任”，把握机会，积极参与大学生国际交流项目，在留学体验中汲取人生的宝贵财富。    宣讲会由“地大大学生国际交流项目”“项目申报流程”“海外留学跨文化适应”三个单元组成。国际教育学院赵安琪老师、李雅莉老师向同学们介绍了我校大学生国际交流项目的简况、特点、项目申报流程、资助申请办法，并分享了大学生国际交流往期案例，为大学生提供国际交流的学业规划参考。外国语学院张地珂副教授以“出国那些事儿”为主题，从衣、食、住、行、学等方面讲解中西方文化差异，鼓励同学们做中国文化的传播者。会后同学们纷纷发言，与老师们就大学生出国留学的细节进行互动交流。  近年来，国际教育学院致力于推进教育国际化战略，以培养国际化专业人才为宗旨，吸收和利用国内外优质教育资源，采用多元、开放的办学模式，积极构建国际化教育平台，与世界上44个国家和地区的近200所高校（机构），签订了合作协议，建设了70余个大学生国际交流项目。  在70周年校庆之年，国际教育学院开展大学生国际交流项目校园巡回宣讲会活动，旨在为大学生提供专业、全面的出国交流项目指导，帮助大学生制订更为高效的出国留学学业规划，推动我校大学生国际交流事业发展。据悉，宣讲会后续将在各学院巡回开展。  Copyright 2000-2019 中共中国地质大学（武汉）委员会宣传部　　地址：湖北省武汉市鲁磨路388号　　地大新闻网投稿热线：027—67884294　　投稿信箱：xbbjb@cug.edu.cn,2022-04-18 00:00:00,College students International Exchange Project Campus Tour Presentation will start
歌声嘹亮：校友付佳文再次唱响央视舞台,https://voice.cug.edu.cn/info/1002/19767.htm,China University of Geosciences,Science,发表时间：2022-04-15作者：网站编辑：庞伟红来源：地大新闻网点击：次 地大新闻网讯(通讯员 王雪蓉 丁苗苗 罗文旭)4月8日，中央电视台音乐频道《一起音乐吧》节目新一期开播，我校2015届音乐系校友付佳文在节目中献唱经典歌曲《何日君再来》，为全国观众献上精彩演唱。   付佳文在中央台音乐频道《一起音乐吧》节目中独唱   这已经不是付佳文第一次亮相央视舞台。2020年3月，付佳文在央视三套《回声嘹亮》节目中独唱《在那遥远的地方》；2019年11月，她带领自己指导的光谷三初“天使之音”合唱团到央视录制《合唱春晚》节目；2021年4月， 指导“天使之音”合唱团演唱曲目《我和我的祖国》，在央视频展示。  2008年，付佳文考入我校音乐表演专业，2012年保送至我校艺术与传媒学院攻读音乐系硕士学位。   付佳文毕业时留影   秉承“艰苦朴素，求真务实”的校训精神，在校期间，付佳文踏实学习刻苦训练，不仅在省级期刊上发表四篇论文、参与三项科研项目、代表学校出访美国演出，还获得湖北省声乐最高奖——“金编钟奖”银奖、湖北省青年歌手大奖赛优秀奖，在业界崭露头角。  从我校毕业后，付佳文来到光谷第三初级中学，成为一名音乐教师。2019年，她又组建了该校的“天使之音”合唱团，每周都带着合唱团的孩子们开展训练。她希望等疫情结束后，能带孩子们到更多舞台表演。    “虽然从学校毕业了，但我总觉得从来没有离开过。”毕业后的付佳文时常回到母校参与演出和活动，2019年3月，首届黄鹤楼外籍志愿者选拔活动-中国地质大学（武汉）预选赛现场，她以“黄鹤楼”为主题为赛事开场献唱。      牵挂母校，情系社会，付佳文牢记习近平总书记重要讲话精神，以紧跟时代步伐，弘扬民族文化，追求德艺双馨为行动指南，以音乐铸己、以音乐育人、以音乐立德、为开拓文艺新境界贡献自己的力量。（编辑 庞伟红  审稿 陈华文）   Copyright 2000-2019 中共中国地质大学（武汉）委员会宣传部　　地址：湖北省武汉市鲁磨路388号　　地大新闻网投稿热线：027—67884294　　投稿信箱：xbbjb@cug.edu.cn,2022-04-15 00:00:00,Songs bright: Alumni pay Jia Wen again sing CCTV stage
共谋学位授权点建设之道  7个学院分别展开研讨,https://voice.cug.edu.cn/info/1002/19765.htm,China University of Geosciences,Science,发表时间：2022-04-15作者：网站编辑：程晓龙来源：地大新闻网点击：次 地大新闻网讯（通讯员 苗琦）近日，材料与化学学院、地理与信息工程学院、计算机学院、数学与物理学院、机械与电子信息学院、艺术与传媒学院、珠宝学院分别召开了学位点建设学习交流研讨会。学院党政一把手、分管学位点副院长、学科带头人、研究生院副院长及工作人员参加会议。各学院高度重视，凝心聚力，力抓学位点建设上层次、上水平。  各学院就调研学习情况、学位点建设现状、下一步推进计划、工作任务分解等进行了交流汇报。与会领导和建设团队从国家发展战略、区域发展需求、学校学科战略布局等三个方面，进行科学分析阐述，并提出建设性意见和建议，掀起了一场关于学位点建设的“头脑风暴”。  在各学院交流研讨会上，研究生院副院长王蕾认为，学位点建设是一项长周期工作，各学院需长期不懈的努力，不能急功近利，也不能踟蹰不前，要量体裁衣，制定科学合理的工作推进方案，动态跟踪工作进展，压实主体责任。她建议，各学院可定期举办学位点建设研讨会、学位点评估培训会，邀请知名专家就学位点建设、学位点评估作专题培训。她表示，新一轮学位授权点申报工作已临近，各学位点应在摸清家底的基础上，加强内涵建设，入主流、强特色，科学规划自身建设路径。研究生院将做好统筹、协调、管理服务工作，为学位点建设提供指导支撑，力争在新一轮学位点申报工作中取得突破，为全面加快推进学校双一流建设，实现学校高质量发展奠定坚实基础。   材化学院召开学位点建设研讨会   数理学院召开学位点建设研讨会   机电学院召开学位点建设研讨会   计算机学院召开学位点建设研讨会   艺媒学院和珠宝学院召开学位点建设研讨会   地信学院召开学位点建设研讨会 （编辑 程晓龙 审稿 陈华文）  Copyright 2000-2019 中共中国地质大学（武汉）委员会宣传部　　地址：湖北省武汉市鲁磨路388号　　地大新闻网投稿热线：027—67884294　　投稿信箱：xbbjb@cug.edu.cn,2022-04-15 00:00:00,"Seven Colleges, 7 Colleges, Decision Point"
我校第二期城镇排水管道检测与评估及非开挖修复培训开班,https://voice.cug.edu.cn/info/1002/19762.htm,China University of Geosciences,Science,发表时间：2022-04-15作者：网站编辑：程晓龙来源：地大新闻网点击：次   地大新闻网讯（通讯员 伍婷婷）4月12日，我校第二期城镇排水管道检测与评估及非开挖修复培训开班。工程学院副院长窦斌，副研究员陈飞，远程与继续教育学院副院长刘雪梅，武汉中仪物联技术股份有限公司总经理郑洪标，以及400余名学员在线参加开班典礼。  刘雪梅简要介绍了学校办学历史、学科建设、师资队伍、人才培养以及国家专业技术人员继续教育基地建设情况。她指出，此次培训是学校与武汉中仪物联技术股份有限公司等行业单位，共同推动教育链、人才链、创新链，为新产业体系发展提供长期人才支撑，推进高水平、高素质的管道检测及修复专业技术人才培养的积极探索。她希望，各位学员珍惜学习机会，进一步强化和提升专业技能，拓展工作思路，将所学知识更好地应用到实际工作中去。  窦斌强调，提升管道非开挖工程质量，推进行业可持续发展，必须加快推进专业技术人才队伍的建设工作。相信此次培训能让广大学员在理论知识和技术实践上都有所收获，真正解决管理和技术工作中的一些痛点和难点问题。他表示，我校工程学院管道工程研究中心作为本次培训的承办单位之一，将充分发挥桥梁纽带作用，和广大同仁携手共进，为推动行业的高质量发展而努力。    本次培训为期两天，邀请了来自上海市城市建设设计研究总院（集团）有限公司等企业的行业专家，以及来自我校、中山大学等高校的老师们进行线上授课，内容涉及高质量排水管道建设和维护、城镇排水管道检测、排水管道非开挖修复工程和探地雷达在城市地面塌陷预防性探测中的应用等内容，全国各地共有87家单位报名参加培训。（编辑 程晓龙 审稿 陈华文）  Copyright 2000-2019 中共中国地质大学（武汉）委员会宣传部　　地址：湖北省武汉市鲁磨路388号　　地大新闻网投稿热线：027—67884294　　投稿信箱：xbbjb@cug.edu.cn,2022-04-15 00:00:00,The second phase of urban drainage pipeline detection and evaluation and non-excavation and repair training in our school
湖北财经专修学院院长王炎与我校远程与继续教育学院向学校捐赠校史史料,https://voice.cug.edu.cn/info/1002/19761.htm,China University of Geosciences,Science,发表时间：2022-04-15作者：网站编辑：程晓龙来源：地大新闻网点击：次   地大新闻网讯（通讯员 徐燕  摄影 张川）4月13日，我校在南望山校区图书馆九楼会议室举行远程与继续教育学院、湖北财经专修学院院长王炎校史史料捐赠仪式，向校庆70周年献礼。湖北财经专修学院院长王炎、我校远程与继续教育学院副院长刘东杰，图书档案与文博部部长刘先国、副部长朱丹、相关科室工作人员参加捐赠仪式，捐赠仪式由刘先国主持。    捐赠仪式上，刘东杰介绍了本次史料收集、捐赠的有关情况，同时介绍了我校与湖北财经专修学院合作的有关情况，并表示远程与继续教育学院将继续发挥积极作用，为校史馆建设贡献力量。  王炎表示，搜集、抢救和捐赠中国近现代具有重要社会价值的史料，使之回归到需要的地方，是他长久以来的愿望及努力的方向。而教育领域的文献、各大院校的资料，是他重点关注的内容之一。本次捐赠的20件史料中，有我校1953年第一届毕业生的毕业证书复印件，有1957-1962年的学分记分册原件，有1959年的结晶学、地史学、古生物学、非金属矿床讲义原件，有1966年毕业生的毕业证书原件，还有80年代的毕业生纪念册、党费证等，史料内容丰富，收藏价值高。    朱丹介绍了学校的校史校情资料收集情况，并代表校史馆接受捐赠。他表示，自从去年我校发出“七秩荣光，校史史料专项征集”号召以来，得到了广大师生校友的积极响应，而来自社会人士的捐赠则相对较少。因此，王炎的此次捐赠显得更有特别的意义，也将会带动更多社会贤达加入到捐赠队伍中来。王炎捐赠的这些史料，学校校史馆将妥善保存，并及时向其反馈展出情况。    刘先国向王炎颁发捐赠证书。他衷心感谢王炎情系学校、慷慨捐赠的善举，并高度赞扬王炎对学校发展和建设的关注。他表示，王炎捐赠的校史史料极其珍贵、收藏价值极高，是学校办学历程和不同时期学校面貌的浓缩，是学校教育教学成果的荣誉展示。他希望，王炎今后能一如既往地关心和支持学校事业的发展，多提宝贵意见和建议，并呼吁师生校友、社会人士积极支持档案校史文博资料的征集工作，完善校史档案，丰富史料典藏，共同助力学校的人才培养和校史建设。（编辑 程晓龙 审稿 陈华文）  Copyright 2000-2019 中共中国地质大学（武汉）委员会宣传部　　地址：湖北省武汉市鲁磨路388号　　地大新闻网投稿热线：027—67884294　　投稿信箱：xbbjb@cug.edu.cn,2022-04-15 00:00:00,"Wang Yan, Dean of Hubei University of Finance and Economics, and the School of Distance and Continuing Education College donated school history to school"
职业与继续教育研究分会获中国地质学会年度工作优秀奖,https://voice.cug.edu.cn/info/1002/19706.htm,China University of Geosciences,Science,发表时间：2022-04-07作者：网站编辑：程晓龙来源：地大新闻网点击：次 地大新闻网讯（通讯员 李燕飞）日前，中国地质学会2021年度工作优秀奖评选结果揭晓，挂靠我校的中国地质学会职业与继续教育研究分会脱颖而出，被授予“2021年度工作优秀奖”，这已是分会连续两年获此殊荣。  2021年，在中国地质学会的领导和学校大力支持下，职业与继续教育分会圆满完成了各项工作任务，在地学类职业继续教育研究、地学科普、地质职业技能、地质学会会员发展等方面，开展了一系列卓有成效的工作。  职业与继续教育研究分会坚持立足行业、服务行业，积极推广国家和行业的教育方针与政策，组织和引导行业职业与继续教育的发展，交流先进经验，推进自然资源行业和地学相关领域职业与继续教育的发展。  中国地质学会职业与继续教育研究分会，其前身为1986年成立的原地质矿产部职工教育研究会、继续工程教育协会。2018年，正式获批成为中国地质学会分支机构，挂靠我校。现有委员单位40余家，委员77名，现任主任委员为副校长王华，秘书长为远程与继续教育学院（自然资源管理学院）院长隋明成。（编辑 程晓龙 审稿 陈华文）  Copyright 2000-2019 中共中国地质大学（武汉）委员会宣传部　　地址：湖北省武汉市鲁磨路388号　　地大新闻网投稿热线：027—67884294　　投稿信箱：xbbjb@cug.edu.cn,2022-04-07 00:00:00,Vocational and Continuing Education Research Branch won the annual work of China Geological Society
档案馆远程查档让服务“不断档”,https://voice.cug.edu.cn/info/1002/19688.htm,China University of Geosciences,Science,发表时间：2022-04-02作者：网站编辑：程晓龙来源：地大新闻网点击：次 地大新闻网讯（通讯员 徐燕 向华杰）“在学校网上注册后，从提交申请到拿到材料，一共只用20分钟，这速度真快啊！非常感谢地大档案馆的老师，非常感谢母校！”3月30日，来自地大江西省校友群的一条信息让档案馆的工作人员倍感振奋。  原来，为把党史学习教育成果切实转化成利民、便民、惠民的实践行动，聚焦广大师生、校友以及各单位普遍关心关注的“急难愁盼”问题事项，地大档案馆2021年6月正式推出“线上档案远程服务利用系统”，并在使用中不断调试和优化。该系统正式运行以来，通过邮件预约、远程审查、制作扫描、发送电子档、邮寄纸质材料等工作流程，为近千位师生、校友开具各类档案证明材料近5000份，把便捷服务做到让师生、校友的心坎上。  该系统操作便捷，只要一部手机或一台电脑，不用跑腿，即可“一键式”申请各类档案服务，包括录取名册、成绩单、学历学位翻译和认证结果等。学历学位认证机构、用人单位，提交认证申请后，也能快速办理认证结果。同时，该系统还支持教职工、在校生、毕业生、用人单位、公检法单位、公证处、认证机构、用人单位、组织人事部门等多角色登录使用，支持现场办理、在线办理和寄送办理多维度服务，尽最大努力满足新形势下的档案业务需求。  图书档案与文博部副部长朱丹介绍，档案馆作为服务单位，始终设身处地为师生、校友着想，常规档案服务工作日当日即可办结，复杂情况延迟1-2个工作日办结，特殊情况下可申请加急办理。此外，档案馆还协助提供快递邮寄服务，让大家“少跑腿”甚至“不跑腿”，就能拿到纸质版档案证明材料。  党史学习教育开展以来，地大档案馆把学党史、悟思想、办实事、开新局贯彻到档案工作每个环节，不断推进数字档案馆建设，提升档案数字化水平，用科技的“速度”与人文的“温度”，为广大师生、校友以及各单位查档利用提供优质高效服务，档案服务更加规范化、便利化、智能化，增强了人民群众的幸福感、获得感、安全感。（编辑 程晓龙 审稿 陈华文）   Copyright 2000-2019 中共中国地质大学（武汉）委员会宣传部　　地址：湖北省武汉市鲁磨路388号　　地大新闻网投稿热线：027—67884294　　投稿信箱：xbbjb@cug.edu.cn,2022-04-02 00:00:00,"Archive remote file allows the service ""continuous file"""
“研”而有“信”：信息化工作办公室为研究生线上复试保驾护航,https://voice.cug.edu.cn/info/1002/19677.htm,China University of Geosciences,Science,发表时间：2022-03-30作者：网站编辑：程晓龙来源：地大新闻网点击：次 地大新闻网讯（通讯员 赵云翔）为应对严峻复杂的疫情形势，学校选定南望山校区教学综合楼部分区域，作为线上研究生复试场所。信息化工作办公室积极响应，全力做好网络技术支持，包括考前网络精细化巡检、故障隐患排除、备用网络布置、专班值守保障、业务数据实际监控等，充分发挥网络和信息技术优势，为研究生复试的顺利进行保驾护航。  为了做好线上研究生复试的服务工作，信息化工作办公室吕国斌主任要求“不留死角、全程保障”，成立以李振华副主任为组长的服务保障专班，抽调各业务技术骨干人员为组员，第一时间进驻复试会场，以采取存量信息分析、现场逐一检查、及时查漏补缺的方式开展工作。  经与研究生院进行多轮沟通，多次现场室内外勘察，查阅数十份技术文件图纸，以“确保需求、覆盖最全、信号最优”为原则，全方位满足研究生复试86间教室以及考点办公室、休息室等不同区域网络需求，信息化工作办公室制定了有线网络为主、5G专网为辅、无线网络作备、专用账号增速、全校网络维稳的一系列网络保障计划，快速建立“现场保障+应急支撑+后台实时监控”的保障体系，对考点网络做好巡检和保障工作。   2022年研究生复试网络保障工作人员  3月23日—24日，以“应检尽检，全力配合”为原则，信息化工作办公室安排专人对研究生复试所涉及86间教室的网络状况进行检查和维护，对部分缺陷及老旧器械进行维护、更换和备份，做到网络100%稳定覆盖。同时积极配合研究生院及各研究生招生单位的复试工作人员，对考试平台进行调试、测试。  3月25日至28日保障期间，通过“3+1+1”的模式部署现场保障工作。即，3人现场保障，1人应急备份，1人后台监控。涉及楼层安排人员现场保障，便于第一时间发现问题、解决问题。每日线上复试前，保障人员对网络状况进行全面检查。复试过程中，完成不少于每日8次的网络状况巡视；后台每天12小时对业务数据流进行监控，为硕士研究生复试考试提供通信保障和技术支持。即使有的教室复试工作延长至晚间22时甚至更晚，保障人员无一懈怠、专班值守，直至最后一间教室复试工作结束。  据了解，信息化工作办公室办投入10人次，完成了44小时的现场值守及近100小时的后台监控工作，确保研究生入学考试线上复试的顺利进行，期间无一起网络故障，无一起技术问题。  在疫情防控常态化的形势下，学校各类日常事务及活动逐步转型线上。广大师生员工对网络质量的可靠性和稳定性、服务保障的精细度和全面度等要求越来越高。信息化工作办公室责无旁贷，为打造安全稳定高速的校园网络环境不断努力。（编辑 程晓龙  审稿 陈华文）  Copyright 2000-2019 中共中国地质大学（武汉）委员会宣传部　　地址：湖北省武汉市鲁磨路388号　　地大新闻网投稿热线：027—67884294　　投稿信箱：xbbjb@cug.edu.cn,2022-03-30 00:00:00,"""Research"" and ""Letter"": Informatization Work Office escorts the postgraduate line"
疫情防控：机关180名党员干部勇当先,http://voice.cug.edu.cn/info/1032/19794.htm,China University of Geosciences,Institution,发表时间：2022-04-19作者：网站编辑：王俊芳来源：地大新闻网点击：次 地大新闻网讯（通讯员 林小艳 宋超 摄影 张玉贤 丁钰峰 姜珊 刘冰倩）近期，全国新冠肺炎疫情形势严峻，校园疫情防控任务刻不容缓。为第一时间阻断疫情向校园传播，学校开展了一系列防控工作。学校机关党员干部和教职员工主动担当作为，积极承担疫情防控志愿服务工作，筑起了疫情防控的红色战斗堡垒。  积极参与保平安。从2022年春季学期开学至今，学校南望山校区进行了十四轮全员核酸检测，未来城校区进行了十八轮全员核酸检测。为确保防疫期间核酸检测工作正常有序开展，按照学校统一部署，机关党委迅速反应，积极组织招募志愿者。截止4月18日，机关共有180名党员干部，411人次投身到核酸检测志愿服务中。    党员先锋做表率。4月14日下午5点，学校教职工们结束一天的工作准备下班。这时候接到上级通知，要求学校组织南望山师生在下午6点开始全员核酸检测。疫情就是命令，防控就是责任。学校三个采样点共需要至少60名志愿者承担信息录入和秩序维护的工作。时间紧、任务重，如何在短时间内招募到大量的志愿者呢？机关党委迅速做出响应，并主动承担起召集志愿者的任务。第一时间通过机关党支部书记工作群发布征集志愿者通知，不到30分钟，机关党委22个党支部征集到志愿者64名，并按照规定的时间全部就位。  当天晚上，天气突变，刮起了大风，下起了小雨，64名志愿者饿着肚子，在东区、西区、北区核酸检测点坚守岗位，直到晚上9点半核酸检测任务结束。  核酸检测开始前，本科生院张建和、排孜丽亚刚从未来城校区坐校车返回，还没来得及放下包，就直接赶到了现场，迅速开展工作。校园规划与基建处闫艳艳和史立冉两位女同志，穿着单薄的衣服，在寒风中一直坚持到整个核酸检测工作结束。    志愿服务勇当先。4月16日，恰逢星期六，学校两校区同步组织第十三次核酸检测，通过网络报名，全校共有109名党员主动放弃周末休息，加入到核酸检测志愿者行列。机关党委主动请缨，组织10名党员奔赴未来城校区承担核酸检测信息录入任务。宣传部吴仁喜老师克服困难，在两个小孩很小的情况下，申请到未来城校区做志愿者。检测结束后，离退休工作处张志毅在志愿者群里留言，“今天感受了未来城校区的核酸检测工作，非常棒，给未来城校区管理办公室的同志点赞。”     在这场疫情防控的阻击战中，机关志愿者们以最坚决的态度，执行好学校疫情防控工作部署，坚决服从学校调度指挥，主动承担组织安排的任务，在学校核酸检测等志愿服务岗位上充分发挥先锋作用，展现出地大干部职工的责任与担当。（编辑 王俊芳 审稿 陈华文）  Copyright 2000-2019 中共中国地质大学（武汉）委员会宣传部　　地址：湖北省武汉市鲁磨路388号　　地大新闻网投稿热线：027—67884294　　投稿信箱：xbbjb@cug.edu.cn,2022-04-19 00:00:00,Epidemic prevention and control: 180 party members and cadres of the organ
师德标兵吴敏： 潜心教学科研，跑出人才培养“加速度”,http://voice.cug.edu.cn/info/1032/19784.htm,China University of Geosciences,Institution,发表时间：2022-04-19作者：网站编辑：王俊芳来源：地大新闻网点击：次 编者按：为加强教师思想政治工作和师德师风建设，充分发挥先进典型示范引领作用，根据学校《师德师风建设长效机制实施办法（试行）》《“师德标兵”“师德模范”评选表彰暂行办法》，经各分党委（党总支）推荐、学校评审和公示，评选出未来技术学院吴敏教授为2020-2021年度“师德标兵”，资源学院沈传波教授、计算机学院马钊副教授为2020-2021年度“师德模范”。近期，将陆续推出3位老师的专题报道，鼓励全校教职工以德立身、以德立学、以德施教，努力成为塑造学生品格、品行、品味的“大先生”。  地大新闻网讯（记者 王俊芳）“我们研究的是未来10—15年的前沿性、革命性、颠覆性技术，要培养具有前瞻性、能够引领未来发展的技术创新领军人才，那时候正是你们来定义未来技术”，近日，在未来技术学院《未来技术前沿导论》课上，未来技术学院院长吴敏自信地给2021级本科生描绘蓝图。  2014年，吴敏带着他的团队来到学校，组建了自动化学院，成为学校上升最快的年轻学院。在担任自动化学院院长的7年时间，吴敏入选IEEE Fellow、中国自动化学会会士，与团队成员多次入选全球高被引科学家名单。  出成果，带人才，向世界一流学科迈进……2021年，58岁的吴敏再次挑起重任，担任未来技术学院院长，与来自校内交叉学科的13个团队，67位导师，共同为未来技术学院的建设和发展保驾护航。  16岁上大学 与自动化结缘  吴敏来自广东省，1979年，16岁的他考上位于湖南的中南矿冶学院（现中南大学）自动化系。“我是恢复高考的第三届学生，当初填报的专业是计算机应用和矿山测量专业，而且我的第二志愿当时填的是武汉地质学院”，吴敏回忆起高考经历，感慨和地大的缘分。但是因为数学成绩不错，学校把他调剂到自动化专业。  虽然不是自己选择的专业，进入大学的吴敏一头扎进了自动化的科学海洋，并且深深地爱上了自动化专业，并在母校继续读研。当时，计算机技术在我国刚刚兴起，为研究计算机在自动化系统控制中的应用，吴敏常常深夜还在阅读，一袋子资料一个星期就全部啃完了。  1986年，吴敏研究生毕业，当时他已经联系好回广东，想在自己的家乡、改革开放的前沿好好闯一闯。吴敏的导师特别欣赏他，也希望他留校任教，最后阴差阳错，他服从导师的安排，留了下来。“我那时候其实并不想当老师，那个年代的人都觉得当老师苦哈哈的。”  走上从教之路，吴敏喜欢上了当老师，凭着勤奋和努力，吴敏25岁任讲师，28岁晋升副教授，31岁成为教授。  “专业兴趣可以培养”，吴敏说，自动化学院刚组建的时候，学生的一志愿率不高，他在上课和日常相处过程中，总是以自己的经历鼓励学生，他担任导师指导的本科生，2017级、2018级12位同学，1位自主创业，11位攻读研究生，都在自动化领域继续向前，这让他很欣慰。  十年磨一剑 攻克关键核心技术  吴敏长期从事先进控制理论及应用、复杂系统控制与优化技术、智能系统技术及应用领域的研究。“简单的说，就是在工业生产中，如何实现设备的自动化，减少人为操作带来的质量不稳定、效能不高等问题，让生产过程最大限度地节约能源、降低能耗”，吴敏给记者进行了一场“科普”。  吴敏最初的研究方向是冶金过程控制，并且由于在复杂冶金过程控制方面的贡献，1999年，获得国际自动控制联合会每隔三年颁发一次的控制工程实践优秀论文奖。  1989年吴敏到日本东北大学当访问学者1年，1996年他再次来到日本，在东京工业大学当客座研究员3年，这期间人工智能开始蓬勃发展，吴敏感受到国内外差距很大。回国后，从2000年起，吴敏与当时带的两位博士生何勇、张先明开始研究自动控制领域的时滞现象，经过三年多的昼夜奋战，吴敏团队提出了“自由权矩阵方法”，2004年在国际权威刊物《系统与控制通讯》发表了第一篇论文。此后他们继续在这一领域深耕，2013年，吴敏与何勇、张先明一起取得的研究成果“时滞系统鲁棒控制的自由权矩阵方法”，获国家自然科学二等奖，这一成果的取得花了整整13年。   吴敏在第37届中国控制会议上  目前为止，吴敏主持国家自然科学基金、国家863计划、国家重点研发计划、国家高技术产业专项等科研项目37项，获国家自然科学二等奖1项，国家科技进步二等奖1项，省部级科技奖励11项，授权国家发明专利60项，国家软件版权登记25件。发表学术论文被SCI收录300篇，30篇论文进入ESI在工程领域的前1%高引用论文。出版专著8部、教材2部、译著2部。  聚力求突破 打造教研“梦之队”  “一个人的努力是加法，一个团队的努力是乘法”，在吴敏看来，要在科研中攻克“卡脖子”技术，啃下“硬骨头”，靠的一定是团队的力量。  吴敏带团队的经验是给条件、搭平台，“朝着一个方向共同努力”。吴敏介绍，自己的研究团队是在三十多年研究过程中，不断传承、交融、拓展中自然形成的，大家有着共同的志向，为探求科学真知而奋斗。自动化学院院长曹卫华正是吴敏带的第一个研究生，师徒皆为院长，共同在自动化领域拼搏，是我校校园里的“佳话”。国家杰出青年基金获得者何勇也是吴敏的得意门生之一，何勇说，“在研究上，他不断地鼓励我，朝着自己喜欢的方向去探索，我从数学跨专业读博，他从交叉学科研究，给了我很多启迪和支持，让我放眼世界，与世界一流的科学家合作”。  对于教学，吴敏从不懈怠，“人才培养是大学里的中心工作，教学则人才培养的基础”。吴敏担任自动化学院院长期间，学院每年组织两次教学能力提升计划，资深教师与青年教师开展教学研讨；组建督导小组，对教学过程进行监督和指导；打造专业课程群，精磨教学内容；组织编写精品课程系列教材，推进专业、课程一体化建设与改革；加强实习基地建设，提升学生实践能力。  功夫不负有心人，一茬茬优秀青年科学家从他的团队脱颖而出，一个个优秀的科研成果相应产生。  为成长赋能 跑出人才培养“加速度”  “现代科技的竞争，是顶尖人才的比拼，我们要力攻关键核心技术，促进产学研深度融合，最重要的就是要培养人才。”吴敏在教学和科研中，始终把育人放在首位。他提出专业方向、项目需要和团队发展目标“三位一体”的学生培养理念，并且将培养学生的经验总结为“启迪，放手”四个字。启迪，就是培养兴趣；放手，就是提供机会、条件和平台。   吴敏在指导学生  “培养学生要重视过程管理，一定要多交流，耳濡目染，才能把学生‘熏’出来”，吴敏的办公桌上放着一本研究跟踪报告，详细记录着他带的硕士、博士的个人情况和学期目标。不管有多忙，他都会每周和学生们开组会，分析问题，跟进他们的研究进度，希望有更多的学生能往深里走、钻进去，拓展学术空间。  自动化学院2021年新入职的特任教授杜胜就是吴敏刚毕业的博士研究生，他眼中的老师吴敏，治学严谨，精益求精，“以高标准和严要求对待每一个学生”。吴敏认为，研究生发表的第一篇论文，是塑造学生学术规范和能力的关键节点。“我发表的第一篇论文，在吴老师的指导下，修改打磨了不下10次”，杜胜回忆，从定论文方向、研究大纲，到研究进展、论文写作的各种细节，吴敏都一一指导。有一次，学院组织师生去东湖户外拓展，中途大家坐在草坪休息，吴敏从包里拿出做好审阅修改标记的论文与杜胜讨论。  “学生的事，就是最重要的事”，吴敏把每一个学生都当作自己的孩子，学生有事找他，总是能第一时间得到反馈。吴敏有早起的习惯，每天早上起来第一件事，就是回复学生邮件。“我经常早上六七点收到吴老师回复的邮件”，张曼丽是吴敏带的2018级直博生，她深夜发的邮件，总能在一早收到回复。“吴老师总是来得比课题组同学们还早，也特别关心同学们的研究进展和生活情况”，对于一些邮件无法回复的问题，他也会安排时间约学生见面谈。  吴敏从教36年，培养了各类研究生200余人，指导博士生毕业60人，博士后出站27人。培养的学生中有长江学者、国家杰青、五一劳动奖章获得者、全国劳动模范、企业副总工程师、高校副校长，一批全国优秀博士学位论文提名奖、省级优秀博士学位论文和硕士学位论文奖获得者。  向顶峰进发  挂帅开创“未来”   吴敏在未来技术学院开学典礼上讲话  从进入地大，吴敏就在思考，自动化技术在地球科学领域怎样发挥作用。未来技术学院成立，吴敏再次挂帅，他认为这是人工智能技术和地球科学融合的最佳平台，将在未来地球探测技术、未来生态健康技术等领域抢占制高点，催生深地深海探测、生态环境监测、国土安全等领域的技术变革，服务国家重大战略需求。  吴敏介绍，在这些关乎国土安全、资源安全的领域，发达国家处处卡我们的脖子，这些核心技术的研究一刻不能停歇。“心有大我，科学报国”。作为自动化领域的专家，吴敏深感责任重大，“‘卡脖子’技术，一定要掌握在中国人自己手里。”  吴敏对未来技术学院的学生充满期待。“希望他们拥有不断超越自我、不断自我更新的能力”。他说，地大是一所研究型大学，立足中国大地、剑指世界一流，同学们要“保持冷静的判断，尤其需要静下心来，做真正有长远意义的事情”。  今年，吴敏被评为学校“师德标兵”。“春播桃李三千圃，秋来硕果满神州”，这是他36年如一日，潜心育人，执着坚守的真实写照。培养优秀人才，向顶峰进发，吴敏在教学科研之路上执着前行，继续和学生逐梦“未来”。（图片由受访者提供  审稿 陈华文）  Copyright 2000-2019 中共中国地质大学（武汉）委员会宣传部　　地址：湖北省武汉市鲁磨路388号　　地大新闻网投稿热线：027—67884294　　投稿信箱：xbbjb@cug.edu.cn,2022-04-19 00:00:00,"Mr. Wu Min: Submit the teaching and research, run out of the talent training ""acceleration"""
我校开展实验室安全教育系列活动,http://voice.cug.edu.cn/info/1032/19781.htm,China University of Geosciences,Institution,发表时间：2022-04-18作者：网站编辑：庞伟红来源：地大新闻网点击：次       地大新闻网讯（通讯员 李明）4月15日是第七个“全民国家安全教育日”，实验室安全是国家安全的重要组成部分，近日，我校紧扣活动主题，开展了一系列实验室安全教育活动。系列活动普及了实验室安全管理的法律法规，强化了师生的安全意识和责任意识，有利于提升实验室安全管理水平。  4月15日，我校召开2022年实验室安全工作会议，通报学校前期多部门联合实验室安全检查的结果，研究推进实验室安全工作。副校长刘杰，学校实验室安全督查员，各教学科研单位分管实验室负责人、实验中心主任、安全管理员、实验室与设备管理处科级以上干部参加会议。实验室与设备管理处处长马腾主持会议。      实验室与设备管理处副处长田永常通报了3至4月学校多部门联合实验室安全大检查工作情况、发现的安全隐患，并提出明确的整改要求。与会人员围绕实验室安全管理存在的困难、隐患产生的原因和工作如何改进进行了交流与讨论。  刘杰对工作在实验室安全管理一线的老师们表示感谢。他强调，安全工作永无止境，全校师生必须树牢总体国家安全观，切实持续提高学校实验室安全管理水平。他要求，要讲政治，切实提高安全隐患意识；要重落实，扎实开展安全隐患排查整改；要强责任，坚决贯彻安全规章制度的要求；要严追究，严格执行安全问题问责追责制度。  当天下午，我校以线上线下相结合的方式，举办“关注危化品安全，筑牢实验室安全防线”实验室安全讲座。     武汉市公安局治安管理局警务技术三级主管宫保振警官作《剧毒化学品、易制爆化学品治安管理》专题讲座；武汉市公安局禁毒支队二大队易制毒管理中队叶峰中队长作《易制毒化学品普法》专题讲座。两个报告普及了剧毒类、管制类危化品的常见种类、特征、管控形势及要求、适用的法律法规，并结合高校的特点讲解了实验室管制类危化品的管理，对使用危化品的师生提出了要求：牢记条例，守底线；如实登记，做台账。  材料与化学学院副院长公衍生和地球科学学院刘志付老师汇报了学院在危化品管理方面的实践与思考，实验室与设备管理处陈少才老师汇报了我校危险化学品全生命周期管理流程和注意事项。  为提升实验室日常管理水平，结合“全民国家安全教育日”，4月16日至18日，我校组织二级教学单位和科研平台的28名实验专职管理人员，参加线上的“全国教学、科研及医疗单位实验室危险化学品、安全管理、实验废弃物环保处置与应急培训班”。  我校举办2022年“全民国家安全教育日”系列活动，是落实教育部《教育系统安全专项整治三年行动实施方案》《关于开展加强高校实验室安全专项行动的通知》的具体体现，得到了全校师生的积极响应。（编辑 庞伟红  审稿 陈华文）   Copyright 2000-2019 中共中国地质大学（武汉）委员会宣传部　　地址：湖北省武汉市鲁磨路388号　　地大新闻网投稿热线：027—67884294　　投稿信箱：xbbjb@cug.edu.cn,2022-04-18 00:00:00,Our school carries out laboratory safety education series activities
地球生物学团队领衔的国家重大项目结题获优秀,http://voice.cug.edu.cn/info/1032/19780.htm,China University of Geosciences,Institution,发表时间：2022-04-18作者：网站编辑：王俊芳来源：地大新闻网点击：次  团队合影 地大新闻网讯（通讯员 单华生）由我校地球生物学团队谢树成院士为首席科学家承担的“海洋储碳机制及区域碳氮硫循环耦合对全球变化的响应”项目，近期顺利通过科技部的综合绩效评估，以优秀成绩结题。这是我校“十三五”期间联合上海交通大学、山东大学、自然资源部第二海洋研究所、厦门大学、同济大学所承担的“全球变化及应对”专项的一个国家重点研发计划项目。  项目针对全球变化背景下海洋碳循环的复杂性，从多时空尺度的古今对比角度，解剖海洋微生物调控的碳循环对碳汇的影响及其对全球变化的响应。项目聚焦在南海和黄渤海，重点探讨从水柱到沉积物的储碳机制，并从关键地质时期解剖碳循环的生态环境效应，以实现从碳循环的机制到效应的完整连接。  经过6个单位22位骨干成员五年的努力，项目圆满完成了预定任务和各项考核指标，达到了预期目标，并被纳入国际科学计划。项目在生物泵和微型生物碳泵、从海洋水柱到沉积物的储碳、从古到今的碳循环效应等三方面取得了创新性成果，揭示了海洋储碳与氮、硫循环具有密切的耦合关系，发现了光合细菌出现氧化硫化氢的基因和酶，揭示了海洋表层温度升高导致了固氮微生物和氨氧化古菌比例升高，发现了全球变暖引发的海洋缺氧和海水酸化等环境事件导致动物出现生态灾难，为预测全球海洋的未来变化提供了重要依据。  项目完成的研究成果发表在《科学》、《自然》子刊、《美国科学院院刊》等权威期刊上，被《科学》和《美国科学院院刊》期刊专门撰文系统评述，并被纳入西方教科书。项目成果先后4次被纳入了“全球变化及应对”的专项工作简报，对专项目标的实现做出了突出贡献。项目培养了一支从事海洋储碳机制与全球变化研究的高水平队伍，成员有包括中国科学院院士在内的诸多国家级人才，以及中国大学生年度人物和李四光优秀博士生奖获得者。  这是谢树成院士以首席科学家身份完成973计划项目之后又一个国家级重大项目结题，是地球生物学团队实现从传统古生物学科转型发展的见证，他们在发展地质微生物这一地球生物学科核心领域的同时，积极拓展服务海洋科学与大气科学的领域。谢树成主持的111计划项目于2019年以优秀成绩结题并滚动进入111计划2.0版，他承担的两项国家自然科学基金重点项目也以优秀成绩结题，目前正在承担第三项重点项目。他所主持的科技部、教育部和国家自然科学基金委的重大和重点项目都取得了骄人的成绩，为地球生物学的持续发展创造了条件。(编辑 王俊芳  审稿  陈华文)  Copyright 2000-2019 中共中国地质大学（武汉）委员会宣传部　　地址：湖北省武汉市鲁磨路388号　　地大新闻网投稿热线：027—67884294　　投稿信箱：xbbjb@cug.edu.cn,2022-04-18 00:00:00,The national major project leading to the Earth Biology team is excellent
学校召开党委理论学习中心组学习会议,http://voice.cug.edu.cn/info/1032/19771.htm,China University of Geosciences,Institution,发表时间：2022-04-15作者：网站编辑：王俊芳来源：地大新闻网点击：次  地大新闻网讯（记者许小康 学生记者池典雅）4月14日，学校在南望山校区东区教学综合楼A701会议室召开党委理论学习中心组学习会议，围绕法治建设、总体国家安全观和保密工作开展专题学习。校党委理论学习中心组成员、学校依法治校工作领导小组成员、学校保密委员会成员参加会议，相关单位负责人列席会议。校党委书记黄晓玫主持会议。  法治建设专题学习环节，与会人员集体学习了习近平总书记署名文章《坚持走中国特色社会主义法治道路  更好推进中国特色社会主义法治体系建设》。  公共管理学院徐明教授作法治建设专题报告。她从习近平法治思想的形成与发展、理论精髓和核心要义三个方面系统阐述了习近平法治思想的形成和发展过程、重要内容、价值特征、内在逻辑以及其在国际社会的影响。  综合改革与政策法规办公室主任陶继东作“以习近平法治思想为指导，切实加强我校法治工作”专题汇报。他详细解读了教育部加强高校法治工作有关精神，并从完善学校法人治理结构、积极推进普法教育、健全权益保护和风险防控机制三个方面汇报了今年学校法治工作的计划安排。   黄晓玫作中心发言。她强调，一是要深入学习领会习近平法治思想，坚持和加强学校党委对法治工作的领导。要在学深悟透做实习近平法治思想上下功夫，加强党对依法治校的战略谋划和顶层设计，不断健全党领导依法治校工作的体制和机制，把法治工作作为全面从严治党的重要抓手，坚定为党育人、为国育才，办人民满意的大学的初心和使命。二是要带头遵法学法守法用法，提升领导干部法治能力和法治素养。作为新时代的领导干部，要坚持以习近平法治思想为指导，从党的百年法治建设奋进史中汲取智慧和力量，坚持将宪法学习放在首位，加强以宪法为核心的法治教育，不断强化认识，加强宣传，推进建设，坚定不移地走好中国特色社会主义法治道路。学校各级领导干部要养成自觉守法、遇事找法、解决问题靠法的思维习惯和行为方式。三是要用法治思维指导办学治校，全面提升治理体系和治理能力现代化水平。要把法治观念融入人才培养的各个环节，坚持不懈用习近平法治思想来武装学生的头脑。要深入推进习近平法治思想进教材、进课堂、进头脑，健全和加强以章程为核心的学校制度体系，完善学校法人治理结构，不断推进学校治理体系和治理能力现代化，着力从制定法治建设工作制度、健全法治工作保障体系、健全法律风险防控体系、健全法治宣传教育体系、健全师生权益保护体系等方面推进治理法治化，全面推动学校事业内涵式高质量发展。  总体国家安全观和保密工作专题学习环节，与会人员集体学习了习近平总书记对东航客机坠毁作出的重要指示、全国安全生产电视电话会议精神和教育部、湖北省委保密工作有关精神。  马克思主义学院院长阮一帆就准确理解和把握总体国家安全观的基本原则、主要内容和科学内涵进行了专题汇报。他详细解读了总体国家安全观“五位一体”的逻辑架构，从统筹安全和发展两件大事、统筹国内和国际两个大局、统筹四对安全要素三个方面解读了坚持科学统筹的根本方法，并从《国土安全》课程体系建设情况出发介绍了学校深化总体国家安全观教育的举措和成果。  黄晓玫表示，《国土安全》课程从无到有，经过不断完善和调整，通过沉浸式、桌面式、体验式的教学模式创新，在取得良好教学效果的同时，也产生了较好的社会反响和示范作用，凸显了校本特色。希望马院今后继续努力，把该课程建设成有地大特色、有强大影响力、能在全国打得响的精品课程。  保密委员会办公室主任陶继东就学校保密工作的基本情况、薄弱环节和今年的重点工作进行了汇报。  交流环节，科学技术发展院常务副院长胡祥云就学校国防涉密项目的基本情况进行了专题汇报；人力资源部副部长张晓红从注重将保密原则贯穿工作各方面全过程、规范并强化涉密人员保密管理、保密管理工作建议三方面汇报了学校涉密人员管理情况；信息化工作办公室主任吕国斌从网络保密管理基本原则和国家相关文件、网络保密管理常见问题、近期重点工作三个方面汇报了网络保密管理工作情况。   校党委副书记王林清作中心发言。他强调，一是要高度重视保密工作，认真落实上级相关精神、部署和要求。要认真组织好全民国家安全教育日主题教育活动，切实抓好保密教育培训，带动广大师生进一步提升保密意识，确保国家秘密安全。二是要认真落实保密工作责任制，层层压实保密责任。要始终坚持“党管保密”，抓好主体责任落实。要坚持“业务谁主管保密谁负责”，把保密工作与业务工作同计划、同部署、同检查、同总结，切实将保密管理融入业务制度和业务流程，确保业务工作与保密工作深度融合。三是要做好保密资格认定审查迎检工作。要高度重视，及早谋划，及时查漏补缺，排查风险隐患，确保保密资格审查顺利通过。要加大保密检查力度，以查促改、以查促建、以查促防，对问题严重整改不到位的单位和个人，要严肃追究相应的责任。  会上，与会人员还共同观看学习了国家安全教育警示片。(审稿 魏海勇)   Copyright 2000-2019 中共中国地质大学（武汉）委员会宣传部　　地址：湖北省武汉市鲁磨路388号　　地大新闻网投稿热线：027—67884294　　投稿信箱：xbbjb@cug.edu.cn,2022-04-15 00:00:00,School convened the party committee theory learning center group learning conference
我校教师获聘“湖北青年创业导师”,http://voice.cug.edu.cn/info/1032/19770.htm,China University of Geosciences,Institution,发表时间：2022-04-15作者：网站编辑：程晓龙来源：地大新闻网点击：次 地大新闻网讯（通讯员 李海涵）近日，经前期推荐审核、综合评选、公示等程序，我校外国语学院党委副书记胡文勤被湖北省青年创业就业促进中心、湖北省青年创业就业基金会聘为湖北青年创业导师。这是继去年8月胡文勤被共青团中央发起成立的中国青年创业就业基金会聘为“中国青年创业导师”之后再获此类殊荣。  作为我校优秀创新创业指导教师，胡文勤一直积极投身学校大学生创新创业教育及实践工作，曾先后指导非洲东鑫机械股份有限公司、“豆巴仔”——武汉风成电子商务有限公司、“千景绘”文化艺术工作室、武汉书易信息科技有限公司、品渊茶业有限责任公司等20余支大学生创新创业团队，其中东鑫公司曾荣获2014年首届“创青春”大学生创业大赛（实践赛）湖北省金奖1项、全国铜奖1项。目前，多个项目已孵化成年营收上千万或上亿的实体企业。  湖北青年创业导师为公益性社会兼职，属团省委聘请人员，将通过创业课程、现场指导、在线答疑、定期会见及通信联络等方式，积极为全省广大创业青年无偿提供创业培训、政策宣讲、项目论证、创业帮扶、面试技巧、职业规划、心理辅导、业务咨询和决策参考等公益服务。此次湖北青年创业导师聘期年限为三年（2022—2025年），其组织管理机构为湖北省青年创业导师团，由省青年创业就业促进中心根据实际需要联络安排具体工作和相关活动。（编辑 程晓龙 审稿 陈华文）  Copyright 2000-2019 中共中国地质大学（武汉）委员会宣传部　　地址：湖北省武汉市鲁磨路388号　　地大新闻网投稿热线：027—67884294　　投稿信箱：xbbjb@cug.edu.cn,2022-04-15 00:00:00,"Our school teachers appreciate ""Hubei Youth Entrepreneurship Tutor"""
8项目入选教育部首期供需对接就业育人立项名单,http://voice.cug.edu.cn/info/1032/19769.htm,China University of Geosciences,Institution,发表时间：2022-04-15作者：网站编辑：庞伟红来源：地大新闻网点击：次 地大新闻网讯（通讯员 刘志兴 彭鑫 郭玉凤）近日，教育部高校学生司发布了《关于公布第一期供需对接就业育人项目立项名单的通知》，我校共有8个项目获批立项，合作用人单位包含紫金矿业集团股份有限公司、阿里巴巴（中国）网络技术有限公司、浙江省第一地质大队、奇瑞汽车股份有限公司等8个单位，涉及能源动力、装备制造、信息通讯与互联网、水利与生态环保等6个行业。    教育部供需对接就业育人项目的实施，为学校专业建设、人才培养、课程建设、师资培养等提供了一个新的平台，为进一步巩固学校同企业合作协同育人提供良好契机，对学校深化产教融合模式、创新校企合作协同育人机制、推进专业内涵建设、实现人才培养目标有着积极地推动作用。学校将遵循“优势互补、资源共享、互惠双赢、共同发展”的原则，进一步加强与用人单位的对接，深化校企合作，为毕业生提供更多专业对口的实习岗位和就业机会，最大限度地帮助毕业生提升就业创业能力，同时组织毕业生积极参与合作单位举办的双选会，帮助企业解决“用人难”的问题，推动人才培养与社会需求的良性互动，探索校企合作的新模式，实现校企合作双赢的局面，促进毕业生更加充分、更高质量就业。  据了解，为落实党中央、国务院“稳就业”“保就业”决策部署，深化产教融合、校企合作，推动人才培养与就业有机联动、人才供需有效对接，根据教育部高校学生司的工作安排，我校组织了2022年第一期供需对接就业育人项目的申报工作。（编辑 庞伟红  审稿 陈华文）   Copyright 2000-2019 中共中国地质大学（武汉）委员会宣传部　　地址：湖北省武汉市鲁磨路388号　　地大新闻网投稿热线：027—67884294　　投稿信箱：xbbjb@cug.edu.cn,2022-04-15 00:00:00,8 Projects The first phase of the Ministry of Education's first supply and demand docking employment
践行“一线规则”：机关中层干部列席“两代会”各代表团讨论侧记,http://voice.cug.edu.cn/info/1032/19768.htm,China University of Geosciences,Institution,发表时间：2022-04-15作者：网站编辑：程晓龙来源：地大新闻网点击：次 地大新闻网讯（通讯员 宋超）4月7日至4月12日，学校第九届教职工代表大会第四次会议暨第十八届工会会员代表大会第四次会议胜利召开，机关党委以此次会议为契机，推动工作重心下移，组织机关全体中层干部深入学院及直属单位代表团列席参加讨论会，认真听取师生群众意见建议，坚持问需于民，持续改进机关工作作风。  凝聚共识，压实责任。机关党委扎实推动学校巡察机关党委整改任务的落实，把组织机关中层干部列席参加2022年教代会、工代会学院及直属单位代表团讨论会，作为职能部门转变工作作风和加强机关干部队伍建设的重要举措，制定《关于组织机关中层干部参加2022年教代会、工代会学院及直属单位代表团讨论会的通知》，细化责任分工，明确工作要求，号召机关全体中层干部提高政治站位，从服务学校事业发展和解决师生“急难愁盼”的工作定位出发，切实增强工作责任心。  深入一线，凝聚智慧。机关93名中层干部分小组列席参加了27个学院及直属单位代表团讨论会，加强与基层师生的联系、沟通，听取他们在构建高质量党建工作体系、落实立德树人根本任务、提升学校治理能力和维护师生权益等方面的意见建议。对于可以现场回应的问题，与会机关干部予以耐心细致的解答。会后，各小组对代表们提出的意见和建议进行认真梳理，并报送机关党委形成意见清单，真正做到体察师生之情，了解师生之意，凝聚师生智慧。   机关中层干部列席参加地球科学学院代表团讨论会  机关中层干部列席参加材料与化学学院代表团讨论会  机关中层干部列席参加环境学院代表团讨论会  组织研讨，为民发声。在认真听取了师生意见后，机关党委、机关分工会积极组织85名机关代表团代表分组开展讨论，校党委书记黄晓玫、副书记王林清、副校长刘杰分别参加了讨论会，认真听取代表们的意见建议。黄晓玫指出，学校深化改革进入深水区，机关在学校治理体系建设中起着承上启以下的重要作用，机关各部门要提高站位，深化认识，积极回应国家需求，找准定位，抓好队伍，有所作为。机关代表们要充分发挥参政议政作用，以高度的责任感，将解决好广大师生的操心事、烦心事作为持续改进工作作风的重要抓手，持续推进落实。   黄晓玫参加机关代表团第一组讨论会  王林清参加机关代表团第二组讨论会  刘杰参加机关代表团第三组讨论会  问效于民，强化实效。机关党委下一步将对收集的意见建议进行梳理并反馈至相关责任部门，督促各部门积极回应师生诉求，将解决师生“急难愁盼”与落实巡察整改任务相结合，认真研判，明确解决举措与时限，定期通报工作进展，形成问需于民、问计于民、问效于民的闭环机制，进一步树牢宗旨意识，不断提升机关管理服务效能。  学院及直属单位广大代表对机关党委组织中层干部践行“一线规则”，深入基层予以认可，认为此项举措有效的搭建了机关和基层沟通交流的桥梁，真正做到了问题导向联系、情真意切联系、实实在在联系。机关中层干部也纷纷表示，通过聆听师生的意见建议，收集了很多办学治校的好建议，对于基层需求也有了更深刻的认识，为自身工作打开了思路、明确了方向。（编辑 程晓龙 审稿 陈华文）  Copyright 2000-2019 中共中国地质大学（武汉）委员会宣传部　　地址：湖北省武汉市鲁磨路388号　　地大新闻网投稿热线：027—67884294　　投稿信箱：xbbjb@cug.edu.cn,2022-04-15 00:00:00,"Practice the ""First-line rules"": The middle-level cadres of the organs of the mid-level cadres are discussed by the delegations of the ""two generations"""
积极参政议政：民盟地大委员会获多项表彰,http://voice.cug.edu.cn/info/1032/19764.htm,China University of Geosciences,Institution,发表时间：2022-04-15作者：网站编辑：程晓龙来源：地大新闻网点击：次 地大新闻网讯（通讯员 侯祖兵 江丰伟）近日，民盟湖北省委会召开“矢志不渝跟党走、携手奋进新时代”政治交接主题教育动员大会。    会议传达了民盟中央委员会、中共湖北省委统战部关于开展“矢志不渝跟党走、携手奋进新时代”政治交接主题教育安排部署和工作要求，下发了主题教育工作方案。会议总结了过去五年来民盟湖北省委会参政议政工作，表彰了2017年以来在参政议政方面表现突出的先进单位和个人。   民盟地大委员会获多项表彰：授予“2017-2022年度参政议政杰出贡献单位”“2017-2022年度反映社情民意信息工作突出贡献单位”。民盟地大委员会副主委朱静、秦屹分获“2017-2022年度参政议政先进个人”，同时秦屹还获“2017-2022年度反映社情民意信息工作突出贡献个人”。  会上，还公布了民盟湖北省委会2022年度参政议政立项课题结果，民盟地大委员会主委曹淑云、副主委秦屹、盟员唐慧君所申报的课题分别获招标立项、重点信息立项和支持立项。（编辑 程晓龙 审稿 陈华文）  Copyright 2000-2019 中共中国地质大学（武汉）委员会宣传部　　地址：湖北省武汉市鲁磨路388号　　地大新闻网投稿热线：027—67884294　　投稿信箱：xbbjb@cug.edu.cn,2022-04-15 00:00:00,Actively participate in politics: Non-Lands Commission has been a number of commendation
未来城图书馆提供复试场所助力考研学子“上岸”,https://voice.cug.edu.cn/info/1002/19676.htm,China University of Geosciences,Science,发表时间：2022-03-30作者：网站编辑：程晓龙来源：地大新闻网点击：次   考研学子在图书馆参加研究生复试  地大新闻网讯（通讯员 徐燕 曾思红 徐姗 摄影 眭艺钟 詹学敏）“线上复试对于众多考生来讲是一种挑战，在此情况下，未来图书馆为考研学子提供复试场所就如同雪中送炭，真正解决了实际问题，真心赞叹学校图书馆的行为，希望未来可以施行更多类似的措施。”近日，材料与化学学院李同学给图书档案与文博部发来了一条短信，感谢未来图书馆在研究生入学复试中提供的贴心服务。   当前疫情形势复杂，今年硕士、博士研究生入学复试需通过线上进行。当了解到学生在寝室进行线上复试有诸多不便，为助力学生考研上岸，未来图书馆积极部署，向未来城校区五大学院及广大读者发布了《关于欢迎利用未来图书馆研修室进行研究生招生复试的温馨提示》，精心调剂出会议室、办公室及研修室共19间，这不仅为学子提供了一个安静的复试环境，还提供了稳定的无线网络支持。   未来图书馆五楼复试空间一角  为提供高质量的精准服务，未来图书馆组织馆员提前到岗，对网络进行监测，为考研学子做好“一对一”个性化服务，考研复试学生不受图书馆开放时间的限制，可随时进入图书馆进行复试。目前，为70多位同学提供了复试服务。  图书档案与文博部副部长明厚利表示，面对疫情，未来图书馆上下将竭尽全力，为有需求的师生提供更优质、贴心的服务。（编辑 程晓龙 审稿 陈华文）  Copyright 2000-2019 中共中国地质大学（武汉）委员会宣传部　　地址：湖北省武汉市鲁磨路388号　　地大新闻网投稿热线：027—67884294　　投稿信箱：xbbjb@cug.edu.cn,2022-03-30 00:00:00,"The Future City Library provides the re-examination field to help the examination students ""on the shore"""
