titre,lien,date,université,tag,traduction auto,contenu
资助暖人心 筑梦我先行  2022年资助育人文化节开幕,https://www.scuec.edu.cn/xww/info/1002/9521.htm,2022-04-18,South-Central Minzu University,Institution,"Significant He warm people, I am in the first 2022, the opening of the people's cultural festival","当前位置： 
        网站首页
         > 
        民大快讯
         > 
        正文
 “粗粝能甘，纷华不染”。4月15日晚，在学术交流中心国际报告厅，来自各学院的15位被资助对象讲述了自己与资助的暖闻，为观众带来了一个个打破生活桎梏、破茧成蝶的动人故事。这是我校2022年资助育人文化节开幕式暨“资助暖人心，筑梦我先行”暖闻讲述大赛决赛上的场景。 校党委书记边境，校党委常委、纪委书记韩叶盛，校党委副书记、副校长宋发军，党委学生工作部和各学院相关老师参加了此次活动。长江日报高校新闻中心记者谭芳、计科学院团委书记汤渊、美术学院辅导员叶芙荣、数统学院辅导员张箐沁、自立自强学生代表马金明担任此次比赛评委。 边境在讲话中指出，党和国家为促进教育公平，解决家庭困难学生上学问题，走出了一条具有中国特色的资助之路。我校作为民族高校，打造了“奖、助、贷、勤、减、免、补”七位一体的全功能、发展型资助工作体系，构建了全面覆盖、全程受助、全面收益的资助网络。他指出，资助工作不仅管温饱，而且暖人心，更能造梦想。长期以来，我校受资助学生在学习学业、创新创业、社会实践等方面表现突出，涌现出了一大批励志典型人物。他希望大家以这些学子为榜样，自立自强，走出各自的精彩人生路。他还就学校疫情防控工作做了强调，希望广大师生齐心协力，严格遵守疫情防控要求，共同筑牢校园安全防线。 各位暖闻讲述人讲述的奋进故事赢得了观众们阵阵掌声。教育学院研究生李凯勇敢揭开自己儿时被抛弃的伤疤，回忆了自己追随中国共产党、不断走向精彩未来的铿锵步伐。法学院杨胜源说自己的经历就像一部电视剧，短短几天，家庭从富裕到贫穷、自己从衣食无忧到被追债人堵在家门口，凭借资助，如今的她，曲折而又顽强地飞向了自己的天空。管理学院冉丽说自己从朴素的“桃花源”中来，她深爱滋养她的土地，但比谁都渴望走出大山，获得过国家助学金的她深信“生活虽苦，但它值得”，因为“前行路上总有阴影，但抬头便是阳光”。生科学院杨园云以《逐梦﹡筑梦》为题，讲述了自己四姐弟的求学之路，在党和国家的关怀下，她逐梦的步伐愈来愈坚实……   暖文讲述人分享奋进故事。孙翰林 摄 赛后，谭芳以“勇气、不屈、挑战、突破”为关键词作了点评，赞扬“民大是一所只在意温暖你们的学校”，希望大家不要彷徨，不要犹豫，只管上前，因为“总有人为你兜底，为你的梦想保驾护航”。 经评委现场打分，冉丽以96.4的高分获得冠军。 据悉，2022年资助育人文化节于3月启动，将持续至6月，除暖闻讲述大赛外，还将举办“励志奋进新征程 青春喜迎二十大”主题作品征集、“至诚则成 立信于行”主题班团会设计大赛两大活动。 下一篇：学校举行中华民族共同体研究院建设工作推进会暨《中华民族共同体概论》集体备课会"
学校举行中华民族共同体研究院建设工作推进会暨《中华民族共同体概论》集体备课会,https://www.scuec.edu.cn/xww/info/1002/9519.htm,2022-04-18,South-Central Minzu University,Institution,"The school held the construction work promotion meeting of the Chinese Nations Institute of Community and the ""Introduction to the Chinese Nations"" collective preparation meeting","当前位置： 
        网站首页
         > 
        民大快讯
         > 
        正文
 4月15日上午，学校举行中华民族共同体研究院建设工作推进会暨《中华民族共同体概论》集体备课会。校党委书记边境、副校长杨胜才出席会议，有关职能部门主要负责人、中华民族共同体研究院全体教职工、《中华民族共同体概论》全体授课教师参会。会议由杨胜才主持。  会议现场。王熠 摄 会上，中华民族共同体研究院院长姚上海汇报了研究院建设发展总体情况，并从“制定一个规划，编织一张建设发展网络”“建好一门课程，打造一个精品课程体系”“立项一批项目，形成一批优质科研成果”“建立一个机制，打造一套社会服务系统”等方面介绍了研究院中长期发展思路。副院长方清云汇报了《中华民族共同体概论》课开课情况。该课程本学期面向大一年级6206名选课学生共开设44个课堂，从授课情况来看，课堂气氛严肃活泼，课堂教学效果良好，学生参与度、认可度高。副院长李学保汇报了研究院科学研究、研究生教育管理、两个省部级研究基地建设情况以及当前面临的主要困难等。教务处、研究生院、科发院、宣传部、学报编辑部等部门主要负责人分别结合本部门职能职责提出了支持研究院建设发展的对策建议。 与会教师围绕《中华民族共同体概论》课程教学进行了交流讨论，部分教师分享了课堂教学经验以及课堂教学建议：一要与时俱进，不断更新教案，特别是要及时将习近平总书记关于加强和改进民族工作的重要思想融入教学并全面完整准确阐述；二要坚持点面结合、以点带面，突出授课内容重点；三要充分利用教学资料库，坚持多学科交叉开展中华民族共同体相关研究，以高品质科研成果支持高质量教学。 边境充分肯定了研究院建设发展取得的成绩和《中华民族共同体概论》课堂教学成效。他指出，研究院的成立是学校党委贯彻落实中央民族工作会议精神、贯彻落实国家民委党组有关工作部署的具体举措，具有十分重要的政治意义，要坚定不移地加强研究院建设，不断发展壮大研究院。就研究院下一步建设发展，他强调：一要把建好《中华民族共同体概论》课程作为首要任务，继续完善课程讲义，致力打造线上线下混合式一流课程；二要在上好《中华民族共同体概论》课的基础上，进一步整合校内科研力量，加大科研力度，以高质量科研支撑高质量教学和社会服务；三要进一步强化“一盘棋”思想，健全完善党委统一领导、各部门通力合作、全校师生共同参与的工作机制，凝聚深入推进铸牢中华民族共同体意识工作的强大合力，稳步推进研究院建设发展；四要及时总结工作中的好经验好做法，为上级部门决策提供有价值的参考。 杨胜才在总结讲话中指出，要提高认识谋站位，主动作为谋担当，强化服务谋支持，善于总结谋特色，认真贯彻落实本次会议精神，全力推进研究院高质量发展。     上一篇：资助暖人心 筑梦我先行  2022年资助育人文化节开幕 下一篇：校领导带队调研未来城科技园"
校领导带队调研未来城科技园,https://www.scuec.edu.cn/xww/info/1002/9516.htm,2022-04-15,South-Central Minzu University,Institution,School leadership team investigated the future city science and technology park,"当前位置： 
        网站首页
         > 
        民大快讯
         > 
        正文
 4月14日上午，校长李金林、副校长杜冬云带领党政办公室、财务处、国有资产与实验室管理处、基建处等部门负责人前往未来城科技园实地指导工作，对科技园工程训练中心一楼车间、1号楼3层公共区域装修、4号楼建设工地等进行了现场调研并召开座谈会。  李金林一行实地调研科技园建设工地。   戴锋 摄 座谈会上，李金林一行听取了工程训练中心运行情况及下一阶段建设发展规划的专题汇报、未来城科技园产教融合实施办法及重点企业合作情况的汇报。与会人员对科技园建设、工程训练课程开展、产教融合模式探索给予了肯定，对科技园建设规划、项目开展模式、队伍建设、产教融合要素等多方面进行了充分讨论，建议多渠道加强工训实践课程体系建设，尽快实现科技园规模化发展，更好发挥科技园服务社会的效益。李金林指出，科技园发展要与学校人才培养、学科建设紧密联系在一起，工程训练的建设需进一步打开局面、拓宽视野，产教融合方案要进一步细化，聚焦学校人才培养、专业建设和科学研究。 下午，李金林参加了未来城科技园管理办公室（资产经营管理有限公司）直属党支部学习活动，并深入参与讨论。他在肯定党支部工作的同时，对党员干部提出了要求：强化学习，提升政治素养和业务水平；敢于担当，树立干事创业的精气神；廉洁自律，营造风清气正、团结向上的工作氛围；加强管理，提升精细化管理水平，筑牢安全稳定底线。  上一篇：学校举行中华民族共同体研究院建设工作推进会暨《中华民族共同体概论》集体备课会 下一篇：学校召开2022年博士研究生招生工作会议"
学校召开2022年博士研究生招生工作会议,https://www.scuec.edu.cn/xww/info/1002/9514.htm,2022-04-15,South-Central Minzu University,Institution,School held 2022 Ph.D. graduate enrollment work conference,"当前位置： 
        网站首页
         > 
        民大快讯
         > 
        正文
 4月13日下午，学校召开会议，对2022年博士招生考核组织工作进行全面部署。校长李金林，副校长段超，校党委常委、纪委书记韩叶盛，相关部门负责人，各博士招生学院、研究生院相关负责人参加会议。会议由段超主持。 会上，研究生院负责同志介绍了2022年博士生招生考核录取工作的总体情况，就下一步的重点工作作了说明。随后，与会同志进行了讨论，并就招生工作提出了建议。 韩叶盛就博士生招生录取工作提出了纪律要求。一是坚持考试标准，严格招生程序，认真执行招生工作要求；二是坚持“公开、公平、公正”的原则，择优录取；三是加强对考生思想政治、个人品德的考核；四是落实主体责任，切实履行好招生工作职责。 李金林就博士生招生工作提出了四个“全面”的要求。一是全面掌握相关政策要求。学校今年首次采用“申请-考核制”，要认真学习博士招生规章制度，全面掌握工作要求，确保考核的公平性、科学性和可操作性。二是全面做好组织规划。要加强组织领导、业务培训和综合考核，强化服务理念，做好综合保障、政策咨询、答疑等服务工作，为考生营造良好的考核环境。三是全面遵守纪律规定。要树牢纪律意识，严格过程管理，提高服务质量和工作水平，落实落细各环节。四是全面压实工作责任。要切实履行主体责任，完善责任链条，提高防控能力，确保每个环节井然有序。以更高的站位、更硬的举措、更实的作风、更严的管理，切实把工作做细、做实、做好，圆满完成今年的博士招录工作。 段超在会议总结时强调：要充分认识博士招生的重要性。切实提高政治站位，精心部署、周密安排，做好统筹协调，切实把各项工作做实、做细，做到有理、有据；要完善过程管理。做到规范透明、公平公开、材料齐全。坚持全面衡量，保证录取质量，宁缺毋滥；要严格做好保密工作。严格遵守工作纪律，严格执行回避制度，加强过程监督，积极稳妥做好2022年博士研究生招生录取工作。 上一篇：校领导带队调研未来城科技园 下一篇：武汉市人才服务中心来校调研2022届毕业生就业创业与学子留汉工作"
武汉市人才服务中心来校调研2022届毕业生就业创业与学子留汉工作,https://www.scuec.edu.cn/xww/info/1002/9512.htm,2022-04-15,South-Central Minzu University,Institution,Wuhan Talent Service Center came to school to investigate 2022 graduates employment entrepreneurship and student,"当前位置： 
        网站首页
         > 
        民大快讯
         > 
        正文
 为推进才聚荆楚和学子留汉工程，4月12日上午，武汉市人才服务中心党委书记、主任熊军一行前来我校开展专题调研。副校长杜冬云，实验教学与工程训练中心、创新创业学院党总支书记蓝华荣、院长潘泽江，招生就业工作处处长舒服明等陪同考察和座谈，双方就学子留汉工程政策有效落地、“启航计划”、“马兰花计划”、政校企就业创业协同机制创新等进行了深入交流研讨。 蓝华荣致欢迎辞，表示此次调研将有力推进我校学子留汉工作迈上新台阶。双创学院相关负责人就我校博士点建设、学科专业建设、国家级示范中心创建、就业创业精准帮扶工程等作了整体介绍，建议市人才中心率先在我校启动“启航计划”“马兰花计划”，并就产业选择、合作方式和协同机制提出了初步设想与建议。招就处相关负责人介绍了我校2022年毕业生就业情况、市场开拓、能力提升、精准帮扶等就业促进工作。中影时代文化发展（武汉）有限公司董事长盘旺星、深圳一览科技服务公司经理李茜分别就毕业生就业创业校企深度协同合作进行了交流。  座谈会现场。 舒翠翠 摄 熊军充分肯定了我校毕业生就业促进和双创育人成效，详细介绍了学子留汉·启航计划及相关政策文件。他表示，“学子留汉·启航计划”是落实“才聚荆楚”工程的关键举措，是提高在汉高校毕业生就业能力和创业能力的大规模、项目制就业创业培训计划。做好“启航计划”需要政府部门搭建平台、提供资金，需要高校组织学生、参与培训，需要企业提炼课程、提供岗位。 座谈中，双方就“环中南民大创新经济圈”建设的价值、方案和行动等达成初步共识。 潘泽江作了会议总结。他表示，学校将本着“高位推动、出实招、办实事、求实效”原则，积极推进我校学子留汉工程并确保取得实效。他希望通过“启航计划”破解毕业生就业创业“最后一公里”难题，为学校提供更多的产教融合和就创业平台支持，助推我校为湖北省“51020”现代产业体系和武汉市“965”产业集群高质量发展作出更大贡献。 上一篇：学校召开2022年博士研究生招生工作会议 下一篇：李金林深入法学院本科生课堂听课"
李金林深入法学院本科生课堂听课,https://www.scuec.edu.cn/xww/info/1002/9511.htm,2022-04-14,South-Central Minzu University,Institution,Li Jinlin in-depth law school undergraduate class,"当前位置： 
        网站首页
         > 
        民大快讯
         > 
        正文
 4月12日，校长李金林深入法学院本科生课堂听课，并对学院的人才培养和疫情防控工作进行了指导。 上午7:50，李金林提前走进15418教室，查看学生到课情况。他认真听取了叶金育老师为法学院本科生主讲的《劳动与社会保障法》课程。本节专业课以“劳动合同”为主题，围绕“劳动合同的主要条款”与“劳动合同的效力”两大内容展开讲解。叶老师以幽默风趣的语言，信手拈来的实例为学生深入浅出地讲解专业知识，获得学生积极的课堂反馈。 课后，李金林与学院领导和授课老师进行了交流。他认为叶老师讲解条理清晰、确切，重点突出，声音洪亮，能吸引学生的注意力；授课过程中将板书和PPT相结合，重点板书，增强了学生的印象；学生到课率高，抬头率高，师生互动良好，部分学生还利用电脑做笔记，有利于课后的进一步学习。针对少数学生未戴口罩的现象，李金林强调了疫情防控工作的重要性，指出课堂防疫更不能松懈，并对辅导员为少数未戴口罩学生现场提供口罩的做法表示肯定。 教务处、招生就业处、创新创业学院和法学院相关单位负责人陪同听课。  上一篇：武汉市人才服务中心来校调研2022届毕业生就业创业与学子留汉工作 下一篇：学校举办2022年春季中型专场供需见面会"
学校举办2022年春季中型专场供需见面会,https://www.scuec.edu.cn/xww/info/1002/9504.htm,2022-04-14,South-Central Minzu University,Institution,The school held the 2022 spring mid-range supply and demand meeting meeting,"当前位置： 
        网站首页
         > 
        民大快讯
         > 
        正文
 4月10日，我校2022届毕业生春季中型供需见面会在体育馆前广场举行。来自中建七局南方公司、新洋丰农业科技公司、武汉华星光电公司、新晨科技公司等45家武汉及周边地区的单位参加了本次招聘会。副校长杜冬云，招就处负责人，各学院学生工作负责人及毕业班辅导员，到现场向用人单位推介毕业生，指导学生求职应聘。  招聘现场。   钟文勇 摄 用人单位代表经扫描测温提前进入会场，展台上整齐摆放着宣讲资料。45家用人单位共提供300余个岗位，招聘需求为1900余人。共有600余名同学进入会场，简历投递达1500余份。 杜冬云现场了解用人单位需求情况，向用人单位介绍毕业生情况。在新洋丰、湖北兴发公司展台前，与招聘负责人就单位需求、员工发展、人才合作等情况开展交流，感谢用人单位对我校毕业生的认可，就进一步深化合作提出了建议，同时希望毕业生积极求职应聘，转变就业观念，尽早、尽快顺利就业。 会场入口摆放了就业政策宣传活动展板，主办单位就应征入伍、基层就业、自主创业等就业政策为同学们提供指导服务。 据悉，本学期来，招就处多方筹集资源，统筹做好疫情防控和毕业生招聘工作，已举办80余场线上专场招聘会，5场线上供需见面会，提供就业岗位3万余个。下一步将在严格落实疫情防控要求下，安全、有序开展好线上、线下招聘活动，助力毕业生实现更加充分更高质量的就业。 上一篇：李金林深入法学院本科生课堂听课 下一篇：学校召开2022届毕业生就业工作推进会"
学校召开2022届毕业生就业工作推进会,https://www.scuec.edu.cn/xww/info/1002/9501.htm,2022-04-13,South-Central Minzu University,Institution,School held 2022 graduates employment work promotion meeting,"当前位置： 
        网站首页
         > 
        民大快讯
         > 
        正文
 为深入贯彻落实党中央、国务院“稳就业”“保就业”决策部署，贯彻落实教育部、国家民委、湖北省关于进一步做好毕业生就业工作的要求，4月12日，学校召开毕业生就业工作推进会。副校长杜冬云，各学院教学副院长、学生工作负责人及招就处负责人参加了会议。会议由招就处处长舒服明主持。 招就处副处长李春雷传达了教育部、省教育厅关于高校访企拓岗促就业专项行动文件精神，通报了我校2022届毕业生就业工作进展情况，就访企拓岗专项行动、线上线下招聘、政策性就业岗位、就业创业政策活动月等工作作了介绍与安排。 计科学院、药学院、美术学院代表分别介绍了开展校企合作的基本做法，从名企训练营、就业精准服务、就业育人平台等方面作了交流和分享。他们表示，将进一步强化校企育人联动，深化产学研合作，挖掘校友资源，拓宽毕业生就业渠道，建立长效的人才合作机制。 杜冬云肯定了各学院就业工作，对下一步做好就业工作提出了四点要求：一是强化就业优先战略。研判就业形势，做好就业“六稳”“六保”工作，落实教育部就业状况布点监测高校的工作要求，抓好就业数据统计工作，守住稳就业底线。二是增强就业工作责任感。扎实开展访企拓岗促就业专项行动，领导干部、专业教师要积极参与，建立长效、稳定、高质量的用人单位合作集群。三是做好就业精准服务。重点做好家庭经济困难学生的就业精准帮扶，实施“一生一策”“一人一档”帮扶工程，建立动态工作台账，切实提升毕业生就业能力。四是强化责任落实。就业工作是系统工程，要加强战略性谋划、系统性设计、链条式布局，狠抓落实督促，推动工作取得实效。 上一篇：学校举办2022年春季中型专场供需见面会 下一篇：我校参加《中国教育扶贫报告（2020-2021）》新闻发布仪式暨《中国教育发展与乡村振兴报告》蓝皮书启动会"
我校参加《中国教育扶贫报告（2020-2021）》新闻发布仪式暨《中国教育发展与乡村振...,https://www.scuec.edu.cn/xww/info/1002/9490.htm,2022-04-11,South-Central Minzu University,Institution,"Our school participated in the ""China Education Poverty Alleviation Report (2020-2021)"" news release ceremony and ""China's education development and rural vibration ...","当前位置： 
        网站首页
         > 
        民大快讯
         > 
        正文
 3月26日，《中国教育扶贫报告（2020-2021）》新闻发布仪式暨《中国教育发展与乡村振兴报告》蓝皮书启动会在北京举行。中国社科文献出版社总编辑杨群，国家乡村振兴局（原国务院扶贫办）原党组成员司树杰，国务院参事、国家乡村振兴局友成基金会副理事长汤敏出席会议并讲话。我校代表线上参加了会议，副校长段超作主题发言。 我校在教师教学发展中心设立了分会场，科学研究发展院、教育学院、计科学院等单位负责人以及《湖北省教育精准扶贫的政策与实践（2015-2020）》中南民族大学项目组全体成员参加了会议。 段超以视频形式作了《湖北高校支持乡村振兴实践探索》的主题发言。他指出，作为新中国成立后最早建立的民族高校之一的中南民族大学，围绕立德树人中心任务，以铸牢中华民族共同体意识为主线，紧扣办学宗旨，充分发挥人才培养、科学研究、智囊智库等资源优势，探索出一条“协同创新、双向服务”的民族院校参与精准扶贫新模式，形成了“产学研用”相结合的立体化校地合作格局。下一阶段，学校将继续以实际行动对接和服务好乡村振兴战略，以高质量教育赋能乡村振兴，积极打造教育服务乡村振兴的“民大样板”。 据悉，学校充分发挥生物技术、民族医药、电子商务、水稻种植、能源利用、土壤治理等研究团队技术优势，推动成果转化，切实把“论文写在民族地区经济社会发展一线”。近5年获批《民族地区特殊类型贫困及反贫困研究》等重大课题，获得扶贫工作相关纵向科研项目185项，合同经费7112万元，发表相关论文1142篇，出版著作68部，相关成果获省部级以上奖项95项，57篇调研报告获省部级有关部门采纳或领导批示，7项议案获得湖北省政府参政咨询奖。其中，我校在定点扶贫工作对接区域武陵山片区获得减贫与发展相关国家级重大项目5项、一般项目56项，研究成果获省部级奖励22项。先后通过技术开发、咨询服务、成果转让等形式为定点扶贫地区高质量发展提供科技支撑，相关协议总金额突破5000万元。我校在定点扶贫工作所对接的武陵山片区招收各类学生10000余人，面向武陵山区举办了45期培训班，培训扶贫工作、民族工作干部和专业技术人员3000余人，推动教育扶贫工作由“输血型”向“造血型”转变。 上一篇：学校召开2022届毕业生就业工作推进会 下一篇：边境深入本科生和研究生课堂听课"
边境深入本科生和研究生课堂听课,https://www.scuec.edu.cn/xww/info/1002/9486.htm,2022-04-08,South-Central Minzu University,Institution,The border is deep into undergraduate and graduate classroom listening,"当前位置： 
        网站首页
         > 
        民大快讯
         > 
        正文
 4月7日上午，校党委书记边境深入本科生和研究生课堂听课。 边境首先走进本科生课堂，听取了外语学院杨柳老师讲授的《中华文化导论（英文）》课程。本堂课以中华民族传统节日清明节为教学内容，采用全英文授课方式，为法学院2020级学生深入浅出地讲解了清明节的由来、历史典故、民间习俗以及节日所蕴含的敬天法祖、慎终追远的中华文化精神。边境课后肯定了杨老师对课堂教学的把控能力，详细询问了课程组教师如何开展课程建设、如何根据学生课堂表现提高学习效率等问题，并勉励课程组全体教师加强集体备课，围绕铸牢中华民族共同体意识主线积极拓展课程内容，把本门课程建设成为一流课程。 随后，边境走进了文传学院肖晓阳教授的《中国古代戏剧研究》课堂，这是面向研究生的小班课。课前，边境与师生亲切交谈，关心大家的工作、学习和生活。课堂上，肖教授以关汉卿的戏剧《望江亭》为个案，介绍了作者生平和戏剧创作风格，比较了中外戏剧的不同特点，并让学生分饰剧本角色，共同探讨剧本创作的成败得失。课后，边境以本门课程为例，对研究生课程设置、教学组织方式、本硕课程贯通等方面提出了指导意见。 据悉，学校一直高度重视领导干部听课工作，校领导率先垂范，确保每个教学周都有校领导深入课堂巡查听课。 上一篇：我校参加《中国教育扶贫报告（2020-2021）》新闻发布仪式暨《中国教育发展与乡村振兴报告》蓝皮书启动会 下一篇：学校召开清廉学校建设工作推进会"
学校召开清廉学校建设工作推进会,https://www.scuec.edu.cn/xww/info/1002/9485.htm,2022-04-08,South-Central Minzu University,Institution,School held a clean school construction work promotion meeting,"当前位置： 
        网站首页
         > 
        民大快讯
         > 
        正文
 4月8日，学校召开清廉学校建设工作推进会，研究布置今年具体工作任务。校党委书记边境，党委常委、纪委书记韩叶盛，党委常委、组织部长蔡琼，以及相关单位负责人参加会议。会议由韩叶盛主持。 边境指出，清廉学校建设是全面从严治党的重要内容，是党风廉政建设的重要抓手，是学校事业发展的重要保障，也是新形势下党员干部干事创业的要求。各单位要从讲政治和全局的高度抓好建设方案的贯彻落实，认真研究制定具体实施举措，明确工作目标和任务时限，统筹推进，压实责任，凝练特色，突出亮点。 边境强调，清廉学校建设需要各单位切实担负起相应责任，履行好主体责任中的“监督责任”，推动查摆补齐目前尚存在的短板和弱项，聚焦制度建设和执行，着力增强程序意识和规矩意识，推进工作运转精细化、规范化、效能化和责任化，形成风险防控的长效机制。 边境要求，要加强各方主体协同，形成横向联动力和纵向传导力，凝聚共同推进清廉学校建设的强大合力，使上级部署、政策传导、政令实施得以有效落地。要狠抓关键少数、支部建设、师德师风建设、底线教育4个环节，筑牢清廉学校建设的根基，为落实立德树人这一根本任务厚植良好的土壤。 韩叶盛对推进落实相关工作提出了要求：一是精心筹划，周密组织，将清廉学校建设纳入日常工作，各单位加强协作沟通，线上线下全面展开；二是务求实效，不走过场，对工作推进情况加强监督检查，将工作成效作为年终考核的重要内容；三是打造品牌，突出重点，凝练特色，通过各类媒介平台加大宣传力度，扩大影响力；四是广泛动员，营造氛围，各单位“一把手”要亲自主抓，调动广大干部、教师、学生参与清廉学校建设的积极性和主动性，提高师生参与度和覆盖面。 上一篇：边境深入本科生和研究生课堂听课 下一篇：我校88门课程上线国家高等教育智慧教育平台"
我校88门课程上线国家高等教育智慧教育平台,https://www.scuec.edu.cn/xww/info/1002/9483.htm,2022-04-08,South-Central Minzu University,Institution,Our school's 88 courses online national higher education smart education platform,"当前位置： 
        网站首页
         > 
        民大快讯
         > 
        正文
 近日，教育部举行国家智慧教育平台启动仪式，国家智慧教育平台正式上线。我校88门优质课程作为首批上线课程，面向高校师生和社会学习者开放。 我校首批上线的88门课程中，包括国家级线上一流课程《人生风险与社会保障》《推开经济学之门》等76门中文课程和《英语国家社会与文化》《商务综合英语》等12门英文课程。 国家高等教育智慧教育平台是由教育部高教司主办的全国性智能化高等教育公共服务平台，是教育部推出的教育数字化战略行动取得的阶段性成果。平台提供一站式搜索与智能推荐全网好课服务，充分满足新时代人才培养的迫切需求。平台具有两项功能，一是面向全体高校师生和社会学习者，提供各类优质课程资源和教学服务；二是面向教育部门和高校管理者，提供教与学大数据监测、分析和研判服务。该平台是全球规模最大、门类最全、用户最多的高等教育平台，汇聚了最好的大学、最好的老师、最好的课程，是一个提供多语种、国际化课程的开放平台。 课程上线国家智慧教育平台，标志着我校在线开放课程建设取得了阶段性成果。一直以来，学校重视在线课程的建设工作，规范在线课程建设管理工作，强调线上优质教学资源的建设，注重加强与主流慕课平台对接沟通，鼓励依托校级在线教学平台应用在线课程资源开展线上线下混合式教学，推动课堂革命。 教务处负责人表示，学校将以智慧高教平台开通为契机，紧紧抓住数字教育发展战略机遇，优化教学资源建设，做好新常态下在线教学建、用、学、管等工作，进一步加强优质课程建设，引导广大师生用好平台资源，推动学校本科教学高质量发展。 上一篇：学校召开清廉学校建设工作推进会 下一篇：学校举行2022年度基本科研业务费专项项目评审答辩会"
学校举行2022年度基本科研业务费专项项目评审答辩会,https://www.scuec.edu.cn/xww/info/1002/9482.htm,2022-04-07,South-Central Minzu University,Institution,School held a special project review reply with 2022 basic research business expenses,"当前位置： 
        网站首页
         > 
        民大快讯
         > 
        正文
 3月31日-4月1日，科学研究发展院组织校内外专家对2022年度中央高校基本科研业务费专项资金项目（自主选题项目）进行了答辩评审。本次答辩分为申请人PPT陈述和专家质询两个部分，申请人与专家分属两个会场，通过腾讯会议进行视频答辩。 据悉，2022年度基本科研业务费专项项目经学院组织推荐，科学研究发展院形式审核，共计受理项目申报301项。除平台项目由学院组织评审推荐、国家级重大项目培育专项采取后补助形式外，其他266项项目申报均采取答辩形式进行。 为实现学校科研“十四五”规划工作目标，让科研工作切实提质增效，科学研究发展院根据全校学科分布情况，按照自然科学、人文科学、社会科学分门别类建立了同行评议专家库。更多专家学者走进学校，评审成为促进科技交流与合作、搜集良策建议的平台。不少项目申报老师表示，答辩是考验，也是展示，评审是考核，也是促进，通过与专家的“直接对话”，不仅加深了专家对项目的了解，也增进了自己的参与感与获得感。 为让专项资金使用更加合理、高效，科学研究发展院在项目管理过程中逐步探索校院两级评审模式。2022年度基本科研业务费专项项目类别中新增设了平台青年项目，将评审权下放至各学院。平台项目以学院为单位，由学院和申请人所属省部级重点科研机构组织评审推荐，结果报科学研究发展院后统一立项。平台项目的设立旨在支持40岁以下青年教师提升科研创新能力，将青年人才的培养融入到大平台当中，以“传帮带”促进人才成长。 2021年，我校基本科研业务费专项项目各项组织工作得到上级主管部门肯定，2022年中央高校基本科研业务费专项资金拨款增幅近20%，在委属院校位居首位。 上一篇：我校88门课程上线国家高等教育智慧教育平台 下一篇：学校召开年轻干部系列座谈会"
学校召开年轻干部系列座谈会,https://www.scuec.edu.cn/xww/info/1002/9472.htm,2022-04-03,South-Central Minzu University,Institution,School held a young cadre series symposium,"当前位置： 
        网站首页
         > 
        民大快讯
         > 
        正文
 3月24日至30日，学校先后召开了5场年轻干部座谈会，分别是专职辅导员组，教学单位办公室负责人、秘书组，职能部门、教辅和直属单位科室负责人组，中层专业技术管理干部组，中层专职管理岗干部组，倾听年轻干部的思想和心声，交流学习工作心得体会，共谋学校干部队伍建设大计。 校党委书记边境，校党委副书记、校长李金林，校党委副书记白江源，校党委常委、纪委书记韩叶盛，校党委副书记、副校长宋发军根据工作情况出席会议。学校年轻干部代表共计108人参加座谈，部分年轻干部列席。座谈会由校党委常委、组织部部长蔡琼主持。 会上，与会代表结合习近平总书记在中央党校（国家行政学院）中青班开班式上的讲话精神，立足自身岗位，深刻开展自我剖析，分析工作优势与短板弱项，深入交流学习体会，分享工作经验，畅谈如何推动学校事业发展，为年轻干部的“育、选、管、用”工作积极献言建策。针对年轻干部提出的困惑、困难及学校干部工作存在的短板与不足，校领导与大家进行了深入交流，现场答疑解惑，并对年轻干部提出了希望和建议。  会议现场。  党委组织部供图 会议指出，年轻干部是学校事业发展的希望，必须筑牢理想信念根基，练就过硬本领，发扬斗争精神，做忠诚干净担当的好干部。一要提高政治站位，切实增强责任感和使命感，不断夯实政治判断力、政治领悟力和政治执行力，做政治上的明白人。二要坚定理想信念，筑牢信仰之基，补足精神之钙，做到对党绝对忠诚。三要坚守初心使命，忠诚履职尽责，要有改革创新的锐气、干事创业的骨气和知责于心、担责于身、履责于行的担当。四要锤炼品德修为，树立正确的权力观、价值观、事业观，克服急躁情绪和职业倦怠，始终保持工作激情和热情。五要牢牢守住拒腐防变防线，要有浩然天地的正气，严守党的政治纪律和政治规矩，自觉做到崇廉尚实、遵纪守法。  会议现场。  党委组织部供图 会议要求，年轻干部健康成长要正确处理好四种关系。一是正确认识组织培养和自身努力之间的关系，摆正心态，常怀感恩之心。二是正确处理好组织决定和个人意见之间的关系，自觉强化规矩意识，切实提高思想认识。三是正确处理好集体利益和个人利益之间的关系，时刻把群众利益摆在第一位，发扬公道正派的优良作风。四是正确处理好教学科研和管理工作之间的关系，立足岗位职责，发挥好示范带头作用。 会议强调，学校党委历来重视年轻干部的“育、选、管、用”工作，严格落实《党政领导干部选拔任用工作条例》，坚决落实好干部标准，改进干部选任工作，优化干部成长路径，年轻干部工作取得了较大成效。大家要以习近平新时代中国特色社会主义思想为指导，深入学习贯彻习近平总书记在中央党校（国家行政学院）中青班开班式上系列讲话精神，勤学习、多思考、善总结，懂政策、会管理，不断提升工作能力和水平，以时不我待、只争朝夕的精神面貌创造性地开展工作，努力为学校高质量发展贡献智慧和力量。   上一篇：学校举行2022年度基本科研业务费专项项目评审答辩会 下一篇：段超应邀出席2022中国湖北-南亚高校校长论坛并作主旨演讲"
段超应邀出席2022中国湖北-南亚高校校长论坛并作主旨演讲,https://www.scuec.edu.cn/xww/info/1002/9468.htm,2022-04-02,South-Central Minzu University,Institution,Section super invited to attend 2022 China Hubei-South Asian college principal forum and make a chair,"当前位置： 
        网站首页
         > 
        民大快讯
         > 
        正文
 4月1日，由湖北省教育厅主办、三峡大学承办的2022中国湖北-南亚高校校长论坛暨中国湖北-南亚大学联盟第二次会议在三峡大学线上线下结合举行。湖北省教育厅副厅长余学敏、宜昌市人民政府副市长张金安、11所中方高校和机构、18所南亚高校和机构的70名代表参会。我校副校长段超应邀出席，主持分论坛并作主旨演讲。  段超副校长作主旨演讲。 李晓辰 摄 段超演讲的题目是：立足新时代、抓住新机遇、迎接新挑战、开创新局面。他在演讲中指出，近年来，中南民族大学立足新时代，抢抓“一带一路”倡议等机遇，充分发挥办学特色和自身优势，不断深化与南亚高校的交流与合作。面对新冠肺炎疫情带来的新挑战，学校将积极发挥办学优势，继续在人才培养、合作科研等领域与南亚高校开展高水平合作，为后疫情时代湖北省教育事业发展作出应有贡献。 与会代表围绕“后疫情时代湖北与南亚高校合作交流：机遇、挑战与对策”进行了深入探讨和交流，分享了各自合作交流的经验，表达了在教育领域积极拓展合作的意愿。 据悉，此次论坛旨在落实国家“一带一路”教育行动计划，深化湖北高校与南亚国家高校的合作关系，逐步建立长期稳定的湖北-南亚教育交流机制，扩大湖北教育在南亚国家的影响力，推动湖北与南亚国家在文化、贸易、旅游、制造业等领域的全方位合作。 上一篇：学校召开年轻干部系列座谈会 下一篇：切实加强区校合作 促进科技成果转化  洪山区领导来校走访交流"
切实加强区校合作 促进科技成果转化  洪山区领导来校走访交流,https://www.scuec.edu.cn/xww/info/1002/9467.htm,2022-04-02,South-Central Minzu University,Institution,Effectively strengthen the cooperation of the district school to promote the transformation of Hongshan District leaders to the school to visit exchange,"当前位置： 
        网站首页
         > 
        民大快讯
         > 
        正文
 3月31日下午，武汉市洪山区委常委、组织部部长朱绍华，区人力资源局党组书记、局长徐晓娟，区大学之城办党组书记、主任黄艳，关山街党工委、办事处主任黄莉，区科经局、区委两新工委等单位相关负责人走访我校，深入了解学校科技成果转化、人才队伍建设相关工作情况，深化区校合作。校党委副书记、校长李金林，校党委常委、组织部部长蔡琼以及相关部门负责人、相关教师参加座谈会。会议由蔡琼主持。 座谈会上，区校领导为我校入选2021年“武汉英才”计划的计科学院施朦副教授、电信学院倪文军副教授颁发了奖牌。2位入选者分别发表感言，感谢学校的培养，感谢洪山区领导对人才工作的关心和重视，表示将继续深耕基础科研工作，更好地服务人才培养和地方经济社会发展。 朱绍华表示，此次走访交流是洪山区委、区政府的“服务之行”，为学校宣传解读科技创新、人才培养的利好政策；是加强供需对接的“合作之行”，与学校尖端人才进行科创合作，促进区校之间更加紧密合作。  座谈会现场。刘诗诗 摄 科学研究发展院院长覃瑞介绍了我校在科技成果转化方面的基本情况及未来工作计划。化材学院院长张道洪作为科创团队代表发言，详细介绍了团队在超支化聚合物合成及其在新能源风电和汽车用高分子材料产业化应用方面的成就与展望。区校双方代表就科技成果转化、人才队伍建设、大学生留汉等方面工作进行了深入的探讨与交流。 李金林感谢洪山区领导来校“传经送宝”，以及对学校科技成果转化、人才队伍建设等工作的大力支持。他希望区校在现有的基础上进一步拓展合作领域，在人才培养、科学研究、服务资源等方面展开更加紧密、更加深度的交流。他要求各单位充分研究、认真解读区委、区政府对高校的利好政策，结合学校实际，充分发挥自身的主动性和创造性，力促学生就业观念的转变，实现人才就地转化，将政策用好、用实、用活。同时希望洪山区委、区政府对民大社区及幼儿园建设等方面给予大力支持和帮助。 会前，朱绍华一行实地走访了我校国家级科技企业孵化器，调研孵化器内校企共建的湖北省工程中心、文物保护国家重点研发计划基地，并提出了指导与建议。  上一篇：段超应邀出席2022中国湖北-南亚高校校长论坛并作主旨演讲 下一篇：学校举行统一战线学习贯彻全国两会精神宣讲报告会"
学校举行统一战线学习贯彻全国两会精神宣讲报告会,https://www.scuec.edu.cn/xww/info/1002/9465.htm,2022-04-02,South-Central Minzu University,Institution,School held a united front to learn to implement the national two sessions of spiritual preaching report,"当前位置： 
        网站首页
         > 
        民大快讯
         > 
        正文
 3月31日，学校举行统一战线学习贯彻全国两会精神宣讲报告会，邀请民进湖北省委会副主委、全国政协委员、省政府参事、湖北省社会主义学院院长胡仲军作专题辅导报告。各民主党派和统战团体负责人及教师代表到场听讲，校党委统战部常务副部长唐光海主持报告会。  报告会现场。王清华 摄 胡仲军运用生动案例、丰富史实和翔实数据，从深刻认识全国两会的重大意义，《政府工作报告》的显著特点，《报告》概括的2021年“七个方面”的重大成就、2022年“九个方面”的重要工作等方面，对全国两会精神进行了系统宣讲和深入阐释。 大家表示，报告内容丰富、逻辑严谨、精彩生动，富有说服力、感染力，深化了统一战线成员对习近平总书记重要讲话和全国两会精神的理解和把握。过去一年中，以习近平同志为核心的党中央团结带领全党全国各族人民所取得的举世瞩目的重大成就是对“五个必由之路”的最好注解。习近平总书记重要讲话和全国两会精神是我们在新征程上把握历史主动、夺取新胜利的重要遵循，一定要把学习贯彻两会精神作为头等大事，始终坚持党的全面领导。 唐光海在主持报告会时表示，学习贯彻全国两会精神是当前和今后一个时期的重大政治任务，要在履职尽责中深刻领会精神实质，准确把握实践要求。他希望广大统战成员对标《政府工作报告》所明确的今年目标任务，在广泛凝聚思想共识上下功夫，在主动服务高质量发展上当先锋，在加强党派和团体自身建设上求实效，把政府工作报告里的美好愿景变成学校内涵式高质量发展的生动场景。  上一篇：切实加强区校合作 促进科技成果转化  洪山区领导来校走访交流 下一篇：广西德保县委领导一行来校调研"
广西德保县委领导一行来校调研,https://www.scuec.edu.cn/xww/info/1002/9463.htm,2022-04-02,South-Central Minzu University,Institution,Guangxi Debao County Committee leaders a party to study,"当前位置： 
        网站首页
         > 
        民大快讯
         > 
        正文
 3月30日，广西德保县委常委、统战部部长李永孔，县委常委、副县长段志辉一行6人来校调研。校党委书记边境会见了李永孔一行，并进行亲切交谈。当天上午，校党委常委、副校长段超，相关部门负责人和专家出席座谈会。会议由段超主持。  广西德保县委领导一行来校调研。刘虹 摄 段志辉对长期以来我校给予德保县的支持表示感谢，并介绍了此行调研目的。李永孔代表德保县向我校赠送壮锦，并介绍了德保县基本情况，指出当前德保县民族团结进步创建和乡村振兴工作遇到的困难，提出了相关需求与期待。我校相关部门负责人及与会专家进行了逐一回应。双方围绕德保县民族团结进步主题公园设计、旅游资源开发等具体事项，进行了深入细致的探讨与交流。  李永孔代表德保县向我校赠送壮锦。刘虹 摄 边境和段超对李永孔一行的来访表示欢迎，并指出，近年来双方结合精准扶贫、乡村振兴以及校地协同创新等工作，开展了广泛、深入的合作，成效显著。他们表示，学校高度重视帮扶工作，将尽快组建专家团队赴德保县开展实地调研。 李永孔一行还参观了民族学博物馆。 据悉，德保县是国家民委定点帮扶的县（旗）之一，我校作为结对帮扶单位，将进一步加强与德保县的沟通交流，助推德保县脱贫攻坚与乡村振兴有效衔接。 上一篇：学校举行统一战线学习贯彻全国两会精神宣讲报告会 下一篇：我校两个党支部入选第三批全国党建“双创”培育创建单位"
我校两个党支部入选第三批全国党建“双创”培育创建单位,https://www.scuec.edu.cn/xww/info/1002/9450.htm,2022-04-01,South-Central Minzu University,Institution,"The two party branches of our school were selected for the third batch of national party building ""double creation"" and cent creation units.","当前位置： 
        网站首页
         > 
        民大快讯
         > 
        正文
 日前，教育部办公厅公布第三批全国党建工作示范高校、标杆院系、样板支部培育创建单位名单，我校法学院西部少数民族卓越法律人才实验班党支部和药学院药学党支部入选样板支部培育创建单位。 法学院西部少数民族卓越法律人才实验班党支部由15名师生党员组成。党支部以制度建设为抓手,以创建“学习型”党组织为载体,以创建服务型创新型党组织为手段，引领学生实现中华民族共同体意识和法律职业共同体意识的双重铸牢,培养一批“下得去、用得上、留得住、干得好”的基层法治人才。通过建立少数民族党员政治理论学习中心，成立石榴红政治理论学习小组，与武警湖北总队二支队九中队合作共建党建基地，认真学习“时代楷模”柴振云英雄先进事迹，深入推进思想政治引领和铸牢中华民族共同体意识教育。西部实验班党支部项目成果被新华网等各种媒体报道累计60余次。支部党员中近2/3学生获得各级各类荣誉，多名同学获得国家奖学金、国家励志奖学金；党支部先后获评学校首批党建“双创”工作样板支部、先进基层党组织和湖北省高校先进基层党组织。   我校两个党支部入选第三批全国党建“双创”培育创建单位。党委组织部供图 药学院药学党支部现有党员9名，其中正教授3名，副教授4名，具有“高学历、高职称、多海归、年轻化”的特点。党支部以习近平新时代中国特色社会主义思想为指导，牢牢把握“七个有力”要求，深入落实新时代党的建设各项要求，围绕立德树人根本任务，面向人民生命健康，充分发挥党员教师专业特长优势，推进支部党建与业务深度融合，持续提升支部建设成效。2020年抗击新冠肺炎疫情期间，支部成员主动捐款近万元，向乌兹别克斯坦、美国、英国、克罗地亚、巴基斯坦、日本等10多个国家捐赠价值15万元的抗疫中药。完成葛厚石苓方的临床伦理审批，被纳入全省新冠肺炎诊疗方案，在雷神山医院发挥积极救治作用。3名教师入选“全国高校黄大年式教师团队”，省部级以上人才计划入选者4人次，多人次获评学校“三育人标兵”“优秀共产党员”等称号。党支部入选学校党建工作样板支部和先进党支部。 近年来，学校党委始终高度重视新时代党建示范创建和质量创优工作，坚持以政治建设为统领，坚持党的一切工作到支部的工作导向，树立大抓基层的鲜明导向，深入推进党支部标准化规范化建设，不断强化基层党组织政治功能和组织力，提升基层党建工作质量和水平，以高质量党建引领推动学校事业高质量发展。  上一篇：广西德保县委领导一行来校调研 下一篇：第37届“南湖杯”系列赛事火热开赛"
第37届“南湖杯”系列赛事火热开赛,https://www.scuec.edu.cn/xww/info/1002/9442.htm,2022-03-30,South-Central Minzu University,Institution,"The 37th ""Nanhu Cup"" series of events","当前位置： 
        网站首页
         > 
        民大快讯
         > 
        正文
 3月28日中午12时，我校第37届“南湖杯”系列赛事正式拉开帷幕。开赛的第一个项目是男子足球，其余项目也依次展开。 本次“南湖杯”预设网球、女子篮球、男子篮球、男子足球、女子足球、乒乓球、女子排球、男子排球、羽毛球、毽球、跆拳道11个项目的比赛，其中网球、羽毛球、乒乓球、毽球、跆拳道为混合团体赛，各项目以学院为单位报名参赛。赛事从3月底开始，将持续至6月上旬结束，共有21个学院193支代表队参加全部项目的角逐。   足球比赛火热开赛。 周宇轩 摄 据悉，“南湖杯”系列赛事作为备受我校师生关注的一项传统体育盛会，是我校文化活动的品牌之一，经过了30多年的发展，已成为民大学子心中不可磨灭的印记，也是学校推进校园阳光体育的重要抓手。 （编辑：刘琼  来源：体育学院） 上一篇：我校两个党支部入选第三批全国党建“双创”培育创建单位 下一篇：学校召开2022年全面从严治党工作会议"
服务国际中文传播 增进中柬青年交流    学校布置2022柬埔寨线上中文教学项目工作,https://www.scuec.edu.cn/xww/info/1004/9541.htm,2022-04-20,South-Central Minzu University,Science,Service International Chinese Communication Enhances China and Cambodia Youth Exchange School Arrangement 2022 Cambodian Line Chinese Teaching Project Work,"当前位置： 
        网站首页
         > 
        教学科研
         > 
        正文
 4月18日下午，国际合作与交流处召开2022柬埔寨线上中文教学项目工作布置会，我校承担教学工作的师生参加了会议。会议由国际合作与交流处处长孙晓丽主持。 2022柬埔寨线上中文教学项目由教育部中外语言交流合作中心设立，主要为柬埔寨金边皇家大学DHY汉语中心、中华学校和培成学校提供线上中文教学和中国历史文化等课程教学。 会议邀请了教育部中外语言交流合作中心柬埔寨志愿者管理教师李玉立、柬埔寨金边皇家大学DHY汉语中心主任周丽云、柬埔寨中华学校校长张如耀和培成学校校长沈桂花，为我校师生作了项目介绍及教学工作布置。 这是我校首次承接教育部中外语言交流合作中心线上教学项目。会上，国际合作与交流处对项目重要性作了阐释，并就课堂教学纪律和外事纪律提出了相关要求，鼓励大家同心同力，保质保量完成教学任务。 据悉，我校承接的该项目为期4个月，来自文传学院、外语学院、教育学院和国际教育学院的2名教师和25名在读研究生负责线上教学工作。 下一篇：我校一项成果通过湖北技术交易所组织的鉴定"
我校一项成果通过湖北技术交易所组织的鉴定,https://www.scuec.edu.cn/xww/info/1004/9505.htm,2022-04-14,South-Central Minzu University,Science,I have an appraisal organized by Hubei Technical Exchange through Hubei Technical Exchange,"当前位置： 
        网站首页
         > 
        教学科研
         > 
        正文
 4月12日，我校生科学院熊海容教授主持的成果“半纤维素酶耐热性分子改良与稻秸秆栽培食用菌标准化”通过了湖北技术交易所组织的专家鉴定。 评价活动以网络视频会议形式进行。7位同行专家审阅了评价材料，听取了成果汇报。经质询和讨论，专家组认为，该项目科技成果整体达到国际先进水平，其技术成熟度和技术创新度均为满分最高级。 据悉，该项成果是我校与武汉新华扬生物股份有限公司等单位联合攻关获得的科技成果，熊海容教授为成果第一完成人。项目主要在饲料酶制剂的耐热性分子改良和秸秆食用菌标准化栽培方向取得了突破，累计获得颁布国家/行业/地方标准3项，授权发明专利10项，发表相关论文20篇。目前，项目成果已在武汉新华扬生物股份有限公司、广西扬翔股份有限公司、鄂州兴港生态农业有限公司等单位成功应用，在南漳县和鄂州市建立了示范基地，取得了显著的经济和社会效益。此外，项目组还与新疆博州第五师的饲草加工企业签订了合作协议，将在新疆地区推广该项成果。 上一篇：服务国际中文传播 增进中柬青年交流    学校布置2022柬埔寨线上中文教学项目工作 下一篇：我校88门课程上线国家高等教育智慧教育平台"
我校88门课程上线国家高等教育智慧教育平台,https://www.scuec.edu.cn/xww/https://www-443.webvpn.scuec.edu.cn/xww/info/1002/9483.htm,2022-04-13,South-Central Minzu University,Science,Our school's 88 courses online national higher education smart education platform,[]
学校举行2022年度基本科研业务费专项项目评审答辩会,https://www.scuec.edu.cn/xww/https://www-443.webvpn.scuec.edu.cn/xww/info/1002/9482.htm,2022-04-13,South-Central Minzu University,Science,School held a special project review reply with 2022 basic research business expenses,[]
宋发军深入课堂调研“四史”教学,https://www.scuec.edu.cn/xww/info/1004/9494.htm,2022-04-12,South-Central Minzu University,Science,"Song Fengjun in-depth in the classroom research ""four history"" teaching","当前位置： 
        网站首页
         > 
        教学科研
         > 
        正文
 4月7日上午，校党委副书记、副校长宋发军一行前往15号教学楼本科生课堂听课，与师生深入交流，了解马克思主义学院“四史”教学情况。学校党委统战部、教务处、马克思主义学院相关负责人陪同调研。 宋发军一行首先听取了刘启春教授主讲的《中国共产党思想政治教育史》课程。刘启春教授详细讲解了抗日战争时期党员干部思想政治教育的方法、内容、特点和经验。宋发军课后从教学内容、教学设计、教学方式及教学效果等方面进行了点评，充分肯定了课堂授课准备充分，学术前沿问题把握准确。 宋发军一行随后听取了瞿晓琳副教授主讲的《中共党史》课程。该课程以小组为单位展示“党史今天”活动中的中国共产党以乒乓外交推动中美破冰的历史过程。宋发军充分肯定了瞿晓琳副教授的教学设计、教学方法及课堂的掌控能力。 听课结束后，宋发军进一步询问了课堂教学中的课程教学设计、教学案例使用、PPT展示、学习通软件使用等问题，强调要把握“四史”课程的正确政治方向，要坚持历史唯物主义与辩证唯物主义指导，善用正反比较、中西比较、古今比较，在中华民族伟大复兴的大历史观视野下，引导同学们把握历史规律，把握历史主动，真正做到听党话、跟党走。 上一篇：学校举行2022年度基本科研业务费专项项目评审答辩会 下一篇：学校举办新形态教材建设系列培训会"
学校举办新形态教材建设系列培训会,https://www.scuec.edu.cn/xww/info/1004/9488.htm,2022-04-11,South-Central Minzu University,Science,School held a new form of textbook construction series training meeting,"当前位置： 
        网站首页
         > 
        教学科研
         > 
        正文
 为推动信息技术与教育教学深度融合,加快对教材内容和形式的改革创新，做好2022年度校级本科教材建设项目立项工作，全面加强学校本科教材建设,教务处分别于3月23日、3月30日、4月7日组织了3场新形态教材建设培训会。培训会采取线上形式开展，学校国家级和省级一流课程负责人、校级在线课程项目负责人、部分学院院长和教学副院长等300余人参加了培训。 教务处副处长杨春洪主持培训会，介绍了新形态教材建设的时代背景、相关政策及学校开展新形态教材建设的意义。开展新形态教材建设是贯彻落实新时代高校教材建设新要求的重要举措之一，旨在推进课程与教材一体化建设与改革，不断提升学校本科教材建设质量，为下一届国家教材建设奖评选和“十四五”规划教材申报奠定基础。 首场培训会上，复旦大学出版社电子音像分社副总编辑高婧、超星数字课程出版中心编辑秦梦佳分别作了题为《混合式教材与立体化教材的编写与出版》《基于学习通平台的混合式教材建设》的主题报告。第二场培训会上，化学工业出版社高等教育出版分社社长宋林青以《校社携手，共建一流——新形态教材建设思考与实践》为题，介绍了化工社新形态教材建设的探索与实践。华中科技大学出版社数字出版中心主任傅文以《超越传统出版，打造一流教材——新时代立体化教材的开发和应用》为题，介绍了华科出版社立体化教材开发与出版的实践探索。第三场培训会上，高等教育出版社数学与统计学分社副分社长李茜分享了高教社从传统出版到数字出版的转型发展过程，重点阐述了出版社关于新形态教材、数字课程和数字教材的出版模式与成效。北京智启蓝墨信息技术有限公司大数据研究院讲师张翰分享了新形态云教材的建设方案，展示了公司云教材产品的概念、特征与建设模式。 每场培训会后，参会教师就新形态教材的概念界定、出版费用、呈现形式及数字化资源制作等问题与主讲嘉宾进行了深入探讨与交流。大家纷纷表示受益匪浅，自己对新形态教材建设的路径、意义和具体要求有了更深刻的认识。 教务处负责人表示，下一步将以教材培育项目建设为抓手，积极打造一批具有学校特色、服务学科建设、专业建设与课程建设的优质教材，以教材质量的提升带动人才培养质量的提升。 上一篇：宋发军深入课堂调研“四史”教学 下一篇：教育学院义务教育学校托管项目获武汉市教育局通报表扬"
教育学院义务教育学校托管项目获武汉市教育局通报表扬,https://www.scuec.edu.cn/xww/info/1004/9421.htm,2022-03-25,South-Central Minzu University,Science,Educational College Compulsory Education School Custody Project won the Wuhan Education Bureau,"当前位置： 
        网站首页
         > 
        教学科研
         > 
        正文
 近日，武汉市教育局印发《市教育局关于义务教育优质均衡发展有关工作通报》的通知，我校教育学院因参与第二期义务教育学校委托管理工作获评“2019-2021年为武汉市义务教育优质均衡发展作出积极贡献单位”，学院8名教师获评“积极贡献个人”。 据悉，武汉市教育局为推动义务教育城乡一体化和优质均衡发展工作，在2019年启动了第二期义务教育学校委托管理、第二期小班化教学共同体建设、新建义务教育学校快速优质成长共同体建设、学区制管理等4项行动。我校教育学院获批第二期义务教育学校委托管理项目。 3年来，在项目立项和实施过程中，教育学院举全院之力，全力推进委托管理工作，扎实落实武汉市教育局提出的“打基础，管长远”“五个优化一个提升”的总体任务。通过以点动带线动的工作方式，实现了学科教学质量提升、校园文化建设与办学理念、心理健康教育与咨询、信息化运用与建设、教师培训与骨干教师培养等五个方面的目标，为服务区域基础教育发展贡献了民大力量。学院在服务区域社会发展的同时，也锤炼了教师基础教育服务实践能力，促进了学科专业建设与人才培养。  上一篇：学校举办新形态教材建设系列培训会 下一篇：民社学院举办首届“杏坛论道”教学大赛"
民社学院举办首届“杏坛论道”教学大赛,https://www.scuec.edu.cn/xww/info/1004/9414.htm,2022-03-24,South-Central Minzu University,Science,"Civil Social Social Social Sciences holds the first ""Xingtan Anist"" teaching contest","当前位置： 
        网站首页
         > 
        教学科研
         > 
        正文
 3月17日下午，民社学院在八角楼报告厅举办首届“杏坛论道”教学大赛。来自该学院5个教研室的7位教师参加了比赛，其中既有从教多年的资深教授，也有年富力强的教学骨干，更有朝气蓬勃的新进教师。 此次大赛旨在搭建教师之间相互交流学习、共同进步的平台，以赛促教，提升教师的教学能力、教学水平和综合业务素质。比赛邀请了院内外专家田园子、孟凡云、赵庆伟和徐莉老师进行现场评审和具体指导。教务处副处长杨春洪致辞，学院副院长陈祥军主持比赛，师生代表到场观摩。 比赛中，各位教师教态自然，教学设计目标明确，内容充实，课程教学讲解透彻，富有感染力，教学手段丰富多样，充分展示了民社学院教师的教学水平。 各位评委从教学设计、课堂教学以及课程思政等方面进行了点评，对参赛老师的知识储备和教学技能给予了充分肯定，同时指出了课件色彩搭配不够、课程思政的切入较少等方面的问题。 经过激烈角逐，文博专业庾华老师获一等奖，历史学专业方长明老师和社会工作专业刘宏宇老师获二等奖，民族学专业马惠娟、文博专业李雪婷、社会学专业何倩倩和历史学专业郑俊华4位老师获三等奖。 参赛教师纷纷表示，此次比赛让自己意识到教学中存在的问题，也领悟到很多关键的教学技巧。他们说，教学需要知识和经验共同灌溉，需要用心历练。通过比赛，学到了很多，今后要多参加类似的活动，努力提升自己的讲课水平。  上一篇：教育学院义务教育学校托管项目获武汉市教育局通报表扬 下一篇：韩叶盛主持召开相关学院学科建设工作推进会"
韩叶盛主持召开相关学院学科建设工作推进会,https://www.scuec.edu.cn/xww/info/1004/9380.htm,2022-03-11,South-Central Minzu University,Science,Han Ye hosted to convene the relevant college discipline construction work promotion,"当前位置： 
        网站首页
         > 
        教学科研
         > 
        正文
 近日，校党委常委、纪委书记韩叶盛两次召集所联系的教学单位电信、计科和数统学院召开经验交流会，推进学科建设工作。学院领导班子及教师代表等参加会议。 3月4日，科学研究发展院院长覃瑞，生科学院党委书记谢岚、院长余光辉应邀作经验分享。他们分别从国家政策、党建引领、材料撰写等角度介绍了博士点申报相关工作情况，提出做好相关工作要学会耳听八方，关注学科建设动态趋势；要修炼厚实内功，聚力优势学科提档升级；要练就特色绝招，打造学科发展增长极；要打好组合拳，落实学科一体化建设。 3月10日，会议邀请化材学院党委书记邓行、院长张道洪就博士点建设经验进行了分享。张道洪围绕摸清家底找差距、狠抓建设博士点机会、把握机遇拼全力3个方面，介绍了化材学院如何将申报愿景转化为实际行动的具体做法。邓行从党建引领、党建服务、党建督促角度，用实际数据充分展示了党建工作引领学科建设的重要性和可行性，为参会的博士点培育建设学院提供了心理上的“强心剂”和“预防针”。 计科学院、电信学院、数统学院的同志分别汇报了各自学院博士点申报相关工作情况，就团队建设、资源整合、人才引进等具体细节，与生科学院、化材学院同志进行了深层次交流探讨。他们表示，生科学院、化材学院申博工作经验针对性强，可实际操作，借鉴参考意义大，自己学院将凝聚思想共识、坚定决心信心，坚持党建引领、系统推进，理清思路、搞好规划，做好博士点建设工作。 韩叶盛充分肯定了两次经验交流会所取得的成效，要求3个学院认真消化吸收兄弟学院的经验做法，细致筹备规划，切实将交流会成果融入博士点建设这项重点工作中。他就学院学科建设工作提出了要求：一是认清学科建设形势，坚定信心、迎难而上；二是完善学科建设规划，强化措施、系统推进；三是凝聚力量、齐心协力，一起迈向未来。  上一篇：民社学院举办首届“杏坛论道”教学大赛 下一篇：经济学院举行教育部哲学社会科学研究重大课题攻关项目开题报告会"
经济学院举行教育部哲学社会科学研究重大课题攻关项目开题报告会,https://www.scuec.edu.cn/xww/info/1004/9379.htm,2022-03-11,South-Central Minzu University,Science,Economics Institute holds a major research project of the Ministry of Education Philosophy and Social Sciences Research Project Opening Report,"当前位置： 
        网站首页
         > 
        教学科研
         > 
        正文
 3月6日下午，由经济学院李波教授担任首席专家的2021年教育部哲学社会科学研究重大课题攻关项目《西部地区巩固拓展脱贫攻坚成果同乡村振兴战略衔接机制研究》开题报告会在学术交流中心举行。我校副校长段超、湖北省参事王海涛、湖北省委宣传部理论处副处长易凌云、湖北省农业农村厅乡村产业发展处副处长李聚森、华中农业大学张俊飚教授、北京大学沈体雁教授、山东财经大学谢申祥教授组成专家团队。我校科学研究发展院、经济学院负责人及课题组主要成员参加会议。 科学研究发展院院长覃瑞主持预备会。段超致欢迎辞，希望与会专家为项目研究提出宝贵建议。易凌云从政治、实践、理论多方面肯定了该课题研究的重大意义，希望学校多方面支持课题组的研究，课题组要加强沟通，发挥协同优势，产出高质量成果。 开题报告会由段超主持。李波教授从研究现状、总体框架、子课题内容与思路、拟拓展的对外研究、研究方法、项目的重难点和成果形式与去向等方面对项目的研究思路及实施方案作了详细介绍。各课题组成员对项目情况进行了补充汇报。经济学院陈祖海、李天华教授，公管学院刘利副教授，湖北师范大学刘丽娜副教授分别从理论研究、疫情之下调研数据的获取、社会和市场的协同治理及财政作用的定位对项目情况作了补充。广西民族大学经济学院院长胡超教授就如何抓住课题研究的重点予以落实作了强调。 与会专家对课题组的汇报提出了相关意见和建议，并与课题组成员展开讨论。沈体雁围绕课题理解、缩小研究领域、发挥新时代西部地区的比较优势三方面提出建议，强调保持政策连续性的同时要注重政策的创新性，发挥经济学的学科优势，以乡村产业振兴为主线，完善产业链。王海涛指出了项目研究的重点、亮点、难点，强调乡村振兴的重要战略意义，充分肯定了贯彻习近平新时代中国特色社会主义思想与“五大振兴”对项目研究的积极意义，指出了西部地区作为项目研究的亮点在大数据背景下广阔的发展前景。谢申祥指出，要把握脱贫攻坚和乡村振兴的丰富内涵及区别，将政治学理论的研究方法与项目研究充分结合。李聚森表示，该课题研究重点明确，工程体量大，需要充分发挥西部地区产业的优势，针对短板问题要发挥财政的作用，重视协作，突出市场的主导地位和作用。 课题组成员表示，本次开题报告会的举行为后续的研究工作提供了指导性意见，同时推动了校内外哲学社会科学的学术交流，对学院课题申报水平的提升和科研工作的发展具有积极意义。  上一篇：韩叶盛主持召开相关学院学科建设工作推进会 下一篇：学校召开2022年度国家社科基金项目申报论证会"
学校召开2022年度国家社科基金项目申报论证会,https://www.scuec.edu.cn/xww/info/1004/9349.htm,2022-03-06,South-Central Minzu University,Science,School convened 2022 National Social Science Fund Project Reporting Division,"当前位置： 
        网站首页
         > 
        教学科研
         > 
        正文
 3月4日上午，学校在学术交流中心召开2022年度国家社科基金年度项目、全国教育科学规划项目、全国艺术学规划项目申报论证会。副校长段超对论证会相关工作作了部署并提出了要求，科发院院长覃瑞、副院长耿新到现场进行具体指导。 本次论证会是项目提交前学校组织的最后一次集中论证会，涉及民族学等20个学科的160余个项目。论证会分为5个小组分别进行，每组邀请3名相关领域的知名专家学者对申报书进行了审阅。为更好地让论证专家掌握相关项目申报书撰写情况，提出更有价值、有针对性、有操作性的意见和建议，科发院提前将项目申报书送至专家认真审阅。科发院严格落实学校新冠疫情防控的相关要求，论证会有序进行，专家与申报人之间进行了充分的交流与沟通，使项目申报人准确掌握下一步修改的方向和重点，为提升申报书质量、提高项目竞争力，奠定坚实基础。 会后，广大申报老师表示，本轮论证会的召开及时、有效，论证专家水平高、态度认真，提出了宝贵的修改意见。他们将充分利用有限的时间，消化吸收专家的意见，并认真修改，切实提升申报书的质量，配合学校做好各项申报工作，力争取得好的成效。 （编辑：刘琼  来源：科学研究发展院） 上一篇：经济学院举行教育部哲学社会科学研究重大课题攻关项目开题报告会 下一篇：我校武陵山区野生植物自然科技资源库入选湖北省科普教育基地"
我校武陵山区野生植物自然科技资源库入选湖北省科普教育基地,https://www.scuec.edu.cn/xww/info/1004/9335.htm,2022-03-02,South-Central Minzu University,Science,Our school Wuling Mountain Area Wild Plant Natural Science and Technology Resource Library is selected in Hubei Science Education Base,"当前位置： 
        网站首页
         > 
        教学科研
         > 
        正文
 近日，湖北省科学技术协会下发了《关于命名“湖北科普教育基地（2022-2026年度）”的通知》，全省共有70家单位入选，我校武陵山区野生植物自然科技资源库名列其中。此前，我校已有民族学博物馆、材料博物馆入选湖北省科普教育基地。 湖北省科普教育基地的命名，是根据《湖北省科普教育基地认定与管理办法》，经省级学会、高校（科研院所、企业）科协、县市州科协和省直有关单位推荐，经初审、专家评审后予以确认，旨在充分发挥科普基础设施的功能和作用，全面提升科普服务能力，着力提升公民科学素质，为科技强省建设打下坚实基础。 我校武陵山区野生植物自然科技资源库科研工作卓有成效。在做好科研工作的同时，资源库以“学生为本、生态育人、全面发展、学有所长、社会共享”为宗旨，长期坚持开展植物分类科普和生态文化传播，有效助力公众更好地了解生态、环境、动植物等知识，创设学科学、爱科学、善于实践、勇于创新的良好教育氛围。 该资源库科普基地由植物标本馆、民族医药标本馆、生科院科普基地三部分组成。其中，植物标本馆由标本室、DNA 库、种子库、原生地GPS种质资源库和信息中心五位一体组成。资源库信息化系统和两所植物标本馆均全年免费对外开放，其共享服务对象主要是各中小学生、科研院所、高校等教学单位和生物技术产品类开发公司，以及种质资源和生物技术研究相关人员。资源库针对湖北省中小学生开展科普讲座、科普讲课、科普展览、资源库平台参观等活动，服务人数达800余人次。资源库成员先后获得2019年全国优秀科普微视频一等奖，2020年全国科技活动周及重大示范活动表彰，2021年湖北省科普讲解大赛二等奖，2021年武汉市科普大赛二等奖。 (编辑：刘琼  来源：科学研究发展院） 上一篇：学校召开2022年度国家社科基金项目申报论证会 下一篇：我校受邀参加学堂在线教育合作协议签约仪式"
我校受邀参加学堂在线教育合作协议签约仪式,https://www.scuec.edu.cn/xww/info/1004/9331.htm,2022-03-02,South-Central Minzu University,Science,Our school was invited to participate in the signing ceremony of the school online education cooperation agreement,"当前位置： 
        网站首页
         > 
        教学科研
         > 
        正文
 2月24日，在世界慕课与在线教育联盟秘书处推动下，学堂在线与印尼网络教育学院大规模开放式在线教育合作协议签约仪式以线上方式举行。教育部高等教育司司长吴岩、印度尼西亚教育文化与研究技术部高等教育司司长伊尔·尼扎姆、首批18所高校领导和世界慕课联盟代表等在线参加。我校作为项目参与方，副校长杜冬云，教务处处长黄迎新，副处长余俊、杨春洪，化材学院院长张道洪、王献教授等在线参加了签约仪式。  线上签约仪式截图。   教务处 供图  我校代表参加在线签约仪式。    杨兵 摄 为推动优质课程走向海外，扩大中国与全球高校在线教育合作，学堂在线联合了清华大学、南开大学、山东大学等中国18所高校，为印尼提供60门英文课程或包含英文字幕的高水平慕课。我校是湖北省唯一入选高校，入选课程为化材学院王献教授主讲的《走进诺贝尔化学奖》。该课程选取伯纳德·费林加、夏普莱斯等20位诺贝尔化学奖得主，从人物传记、学术成就、科学价值、精神品格等四个方面，以英文介绍他们的学术经历和科学成就，辅以中文巧妙融合科学素质教育。课程于2020年7月上线中国高校在线教学国际平台，2021年获批湖北省线上线下混合式一流课程。  《走进诺贝尔化学奖》课程封面。    教务处 供图 截至目前，我校共有5门课程上线在线教学国际平台，面向全球学习者免费开放。此次课程入选首批印度尼西亚开放课程，标志着我校课程建设工作取得了新的突破，有力地推动学校建设国际知名的高水平民族大学的步伐。 (编辑：刘琼  来源：教务处） 上一篇：我校武陵山区野生植物自然科技资源库入选湖北省科普教育基地 下一篇：我校主持的项目活动入选“中国参与澜湄及湄公河次区域合作2021年十大新闻”"
我校主持的项目活动入选“中国参与澜湄及湄公河次区域合作2021年十大新闻”,https://www.scuec.edu.cn/xww/info/1004/9269.htm,2022-01-29,South-Central Minzu University,Science,"The project activity hosted by our school was selected as ""China's participation in the Top Ten News of 2021, the Mekong Subregion.""","当前位置： 
        网站首页
         > 
        教学科研
         > 
        正文
 近日，从澜沧江-湄公河中国秘书处获悉，我校主持的“澜湄民族地区社会创业与减贫合作”项目相关活动入选“中国参与澜湄及湄公河次区域合作2021年十大新闻”。 中国与湄公河五国山水相连，唇齿相依，是紧密的友好邻邦和天然的合作伙伴。2021年，在世纪疫情和百年变局交织叠加的复杂背景下，中国与湄公河国家一道，齐心抗疫情，合力谋发展，为促进各国经济复苏和区域繁荣振兴作出了积极贡献。澜湄合作中国秘书处携手中国外文局《中国东盟报道》、云南日报报业集团《湄公河》杂志社共同举办，展示中国参与澜湄及湄公河次区域合作的丰硕成果，彰显澜湄六国“同饮一江水，命运紧相连”的美好情谊。评选出的年度十大新闻将在澜湄六国媒体广泛报道。 “澜湄民族地区社会创业与减贫合作”作为我校首次主持的亚洲合作资金项目，其推进得到了国家民委和校领导的高度重视与大力支持。该项目于2020年10月正式启动，至2021年12月较圆满地完成了既定事项，达到了预期目标。国际合作与交流处鲍盛祥博士带领的项目团队精诚团结，创新工作方法，锲而不舍地推进工作，践行了“平等相待、真诚互助、亲如一家”的澜湄文化。项目的成功实施激发了澜湄民族地区社会创业的活力，培养了一批社会创业人才，初步构建了澜湄民族地区社会创业与减贫合作的产学研政的协同网络，促进了澜湄青年间的交流交往，助推了兴边富民行动，推动了澜湄命运共同体建设，是国家民委和我校服务一带一路建设的生动体现。 （编辑：刘琼  来源：国际处） 上一篇：我校受邀参加学堂在线教育合作协议签约仪式 下一篇：电信学院与未来城科技园办公室联合组队赴武汉光电工业技术研究院开展合作洽谈"
电信学院与未来城科技园办公室联合组队赴武汉光电工业技术研究院开展合作洽谈,https://www.scuec.edu.cn/xww/info/1004/9263.htm,2022-01-22,South-Central Minzu University,Science,Telecom College and Future City Science Park Office jointly team to Wuhan Optoelectronics Technology Research Institute to cooperate to negotiate,"当前位置： 
        网站首页
         > 
        教学科研
         > 
        正文
 1月19日上午，电信学院与未来城办公室联合组队调研武汉光电工业技术研究院，并就“新一代光电子信息技术”人才培养和新型产业学院建设合作进行了座谈。电信学院党委书记闻亮、院长杨春勇，未来城科技园管理办公室主任戴锋等参加调研。武汉光电工业技术研究院总经理韩道，副总经理马宏飞、李轩热情接待了我校调研组一行。 调研小组考察了光电子半导体芯片封装测试平台和采用华为最新云原生技术建设的武汉人工智能计算中心。该中心是国内首家具有公共服务属性的人工智能算力平台，包含计算、存储、网络、灾备、安全、容器、微服务等数据云原生能力。 座谈会上，闻亮介绍了学校先进计算与智能光电产业学院的组织体系和工作开展情况；杨春勇阐述了电信学院“4421”平台、专业与学科架构、人才培养模式、集成电路新专业建设情况和新工科人才培养合作意向；戴锋分享了围绕新一代科技创新链开展创业服务的工作经验，表达了共同推动产学研合作、联合组织产教融合与协同发展的愿望。 韩道深入解读了研究院的工程科技产业平台运营经验、联合高校创新应用型人才培养创新路径及“转化高新技术、带动科创产业、推动学科建设”的循环发展模式。李轩简要汇报了包括双光束激光直写系统、穆勒式椭偏仪等高端装备，高纯PI、纳米银浆、ToF散射体等先进电子材料在内的关键核心技术产业化矩阵和700余项知识产权内容，以及成功培育百余家创业企业的产学研协同创新工作经验（其中，瞪羚企业12家、高新技术企业21家，总估值超过40亿元）。 双方还围绕MiniLED和3D传感中试产线科研合作、学生实习实训和校企合作实验班、科技成果评价标准与工业转化、智慧水务技术交流、国产EDA以及光刻机操作工程师培训教材编写与联合培养机制等方面展开深入交流，在共同组织学术研讨、申报科技项目、培养“新一代光电子信息技术”人才、联合攻关“卡脖子”信息技术等方面达成共识。会议强调，要进一步细化合作项目的条款内容，争取早日签署合作协议。 （编辑：刘虹 来源：电信学院） 上一篇：我校主持的项目活动入选“中国参与澜湄及湄公河次区域合作2021年十大新闻” 下一篇：教育学院在湖北省2021年教育经济与管理研究生论坛中喜获佳绩"
教育学院在湖北省2021年教育经济与管理研究生论坛中喜获佳绩,https://www.scuec.edu.cn/xww/info/1004/9246.htm,2022-01-12,South-Central Minzu University,Science,Education Academy has a good results in the 20021 Educational Economics and Management Graduate Forum in Hubei Province,"当前位置： 
        网站首页
         > 
        教学科研
         > 
        正文
 1月7日，湖北省2021年教育经济与管理研究生论坛落下帷幕。我校教育学院4名研究生参加论坛，获得二等奖1项、三等奖3项。 本次教育经济与管理研究生论坛由湖北省教育经济学会举办。学会组织专家组对论坛提交的论文进行了评审公示，我校博士生左宗纬荣获二等奖，硕士生程希、李桢、尚宇航荣获三等奖。 我校学生获奖详情如下：  （编辑：刘琼  来源：教育学院）  上一篇：电信学院与未来城科技园办公室联合组队赴武汉光电工业技术研究院开展合作洽谈 下一篇：我校14个项目获国家民委教改项目立项"
我校14个项目获国家民委教改项目立项,https://www.scuec.edu.cn/xww/info/1004/9245.htm,2022-01-12,South-Central Minzu University,Science,The 14 projects in our school won the national civil committee to teach reform project,"当前位置： 
        网站首页
         > 
        教学科研
         > 
        正文
 近日，国家民委2021年度高等教育教学改革研究项目立项情况公布。我校14个项目获批，其中普通项目7项，思想政治理论课专项2项，铸牢中华民族共同体意识专项5项，立项数量在申报高校中位居首位。 据悉，国家民委教改项目是由国家民委组织评审并批准立项的本科教学改革与质量建设研究项目，主要面向全国民族院校教育工作者择优立项，旨在深化教育教学改革，加强教学管理，培育高水平教学成果。为深入贯彻落实习近平新时代中国特色社会主义思想，紧扣铸牢中华民族共同体意识主线，2021年度国家民委教改项目增设铸牢中华民族共同体意识专项。 我校2021年度国家民委教改项目立项名单  （编辑：刘琼 来源：教务处）  上一篇：教育学院在湖北省2021年教育经济与管理研究生论坛中喜获佳绩 下一篇：李波教授获批2021年度教育部哲学社会科学研究重大课题攻关项目立项"
李波教授获批2021年度教育部哲学社会科学研究重大课题攻关项目立项,https://www.scuec.edu.cn/xww/https://www-443.webvpn.scuec.edu.cn/xww/info/1002/9229.htm,2022-01-12,South-Central Minzu University,Science,Professor Li Bo was approved by the 2021 Ministry of Education Philosophy and Social Science Research Project Project,[]
张道洪教授团队荣获2021年度中国石油和化学工业联合会技术发明奖一等奖,https://www.scuec.edu.cn/xww/https://www-443.webvpn.scuec.edu.cn/xww/info/1002/9224.htm,2022-01-10,South-Central Minzu University,Science,Professor Zhang Dahong won the first prize of the 20021 China Petroleum and Chemical Industry Association Technology Invention Award,[]
李资源教授等人的著作《中国共产党少数民族文化建设研究》阿拉伯语版出版,https://www.scuec.edu.cn/xww/info/1004/9223.htm,2022-01-04,South-Central Minzu University,Science,"Professor Li Resources and others' work ""Research on the Construction of Minority Culture of China"" Arabic Edition","当前位置： 
        网站首页
         > 
        教学科研
         > 
        正文
 近日，我校马克思主义学院李资源教授等人的著作《中国共产党少数民族文化建设研究》阿拉伯语版由阿拉伯科学出版社在黎巴嫩贝鲁特出版。该书系国家社科规划办中华外译项目，由北京第二外国语学院魏启荣教授翻译。这是继2018年史湘琳教授翻译的英文版在英国出版之后，该书的第三种文字版本出版发行。  《中国共产党少数民族文化建设研究》一书阿拉伯语版与英文版。 马克思主义学院供图 《中国共产党少数民族文化建设研究》一书，运用历史研究法、文献研究法、实地调查法等，对中国共产党少数民族文化建设进行了全面系统的研究。该书阐释了中国少数民族文化是中华民族的共有精神财富，系统梳理了中国共产党加强少数民族文化建设的理论、方针和政策，对繁荣和发展少数民族文化建设提出了具体的对策和建议。该书系《国家哲学社会科学成果文库》入选作品，2011年由人民出版社出版发行。 中华学术外译项目是国家社科基金项目的主要类别之一，主要资助代表中国学术水准、体现中华文化精髓、反映中国学术前沿的学术精品以外文形式在国外权威出版机构出版并进入国外主流发行传播渠道，旨在深化中外学术交流与对话，增进世界了解中国和中国学术，增强中国学术国际影响力和国际话语权，不断提升国家文化软实力，项目资助文版以英文、法文、俄文、阿拉伯文、西班牙文等5种为主。 此外，由李资源教授领衔撰写、广西人民出版社和人民出版社联合出版的《中国特色民族理论与民族工作实践研究》丛书10卷本列入了“十四五”时期国家重点图书、音像、电子出版物出版专项规划。该套丛书内容涉及中国少数民族革命史、中国少数民族传统伦理道德、中国共产党民族工作、民族法制建设、民族文化建设、民族传统文化保护和发展、民族文化开放与文化安全、民族团结教育理论与实践等诸多方面，共计600多万字，是李资源教授数十年来重要科研成果的集中展现。 （编辑：刘琼 来源：马克思主义学院） 上一篇：张道洪教授团队荣获2021年度中国石油和化学工业联合会技术发明奖一等奖 下一篇：管理学院会计学国家级一流专业建设暨荆楚卓越人才计划项目结题"
