titre,lien,date,université,tag,contenu,Unnamed: 0
校党委反馈第二轮巡视“回头看”情况,info/1002/66950.htm,2022-04-15,Wuhan University,Institution,新闻网讯（通讯员施路）4月12日，学校党委分别在团委和体育部党总支召开第二轮巡视“回头看”反馈会。校党委副书记、纪委书记、国家监委驻武汉大学监察专员、党委巡视工作领导小组副组长万清祥传达了学校党委对巡视整改工作的要求。巡视组全体成员及各单位领导班子成员、内设机构主任等参加了反馈会议。 根据校党委统一部署，2021年12月13日至12月21日，校党委对团委、体育部党总支开展了第二轮巡视“回头看”。巡视期间，巡视组召开见面沟通会，听取工作汇报，开展满意度测评，与干部群众个别谈话，受理信访举报，调阅有关文件资料，抽查核实有关情况，并对巡视中发现的重点问题进行了深入了解，顺利完成了巡视任务。2022年4月1日，校党委常委会书面审议第二轮巡视“回头看”报告，原则同意巡视组的报告，并对整改工作提出了明确要求。 会上，巡视组组长蒋明宣读了第二轮巡视“回头看”的反馈意见。反馈意见指出，被巡视单位把巡视整改作为重要的政治任务来抓，效果总体良好。但巡视“回头看”还是发现了一些主要问题：压紧压实党组织的主体责任还不到位，整改工作组织不够严谨；部分整改任务落实力度不够；部分中长期整改任务未能做到常抓不懈；以巡视整改建立长效机制方面还存在不足等。 万清祥肯定了被巡视单位前期整改工作成效，对下一步巡视整改工作提出了具体要求。他指出，被巡视单位要高度重视反馈意见，切实履行整改工作责任，确保整改取得扎实成效。团委领导班子要牢牢把握好共青团的根本属性，凸显共青团的先进性，树立团结服务青年的宗旨，进一步扎实工作作风，勤奋严谨、求实创新；体育部党总支领导班子要充分发挥体育综合育人的功能，抓住发展机遇，使教育教学工作进一步延伸，同时推进安全风险方面的管控。 团委书记黄鑫、体育部党总支书记胡继明作表态发言，表示完全接受巡视组的反馈意见，将坚决落实校党委关于巡视整改工作要求，切实承担整改工作主体责任，持续推进整改工作落实到位。  团委第二轮巡视“回头看”情况反馈会  体育部党总支第二轮巡视“回头看”情况反馈会 （编辑：肖珊）  电子邮箱：wdxw@whu.edu.cn 新闻热线：027-68754665         通讯地址：湖北省武汉市武昌珞珈山 传真：68752632 邮编：430072,
学校举办新任中层干部培训班,info/1002/66948.htm,2022-04-14,Wuhan University,Institution,"新闻网讯（通讯员高朝虎）4月12日至13日，学校举办了新任中层干部培训班，92名新提任中层干部参加培训。校党委副书记、纪委书记，国家监委驻武汉大学监察专员万清祥与学员进行廉政谈话，校党委副书记赵雪梅为学员作开班第一讲并出席大会交流活动，校党委常委、组织部部长朱德友，校长助理、党政办公室主任徐东兴为学员授课。   赵雪梅以“学习贯彻习近平总书记关于干部队伍建设的重要论述，努力成为优秀中层领导干部”为题进行讲授，从新时代党的组织路线的内涵，为什么要建设高素质专业化干部队伍、好干部标准是什么、怎样建设高素质专业化干部队伍等方面全面解读了习近平总书记关于干部队伍建设的重要论述，阐述了加强高校干部队伍建设的紧迫性。她指出，高校中层领导干部应具备政治能力、统筹协调能力、科学决策能力、改革创新能力、狠抓落实能力等素质。她从个人层面和组织层面，提出了成为高校优秀中层领导干部的路径方法，强调领导干部个人要自觉加强学习、严肃政治生活、提高决策能力、提升领导艺术、勇于开拓进取、注重廉洁自律；组织层面要激励担当作为、激发内生动力，加强教育培训、提升能力本领，优化班子结构、增强整体功能等。  培训期间，朱德友以“议事规则、组织规矩与事业发展”为题作报告，从学院党委会会议议事规则和党政联席会议议事规则的基本框架、执行中存在的主要问题以及贯彻落实的主要方法等方面进行讲解。徐东兴作了题为“强化规章制度执行，提升治理效能”的报告，从制度建设和制度执行的重要性、学校规章制度体系的架构、执行方面存在的问题和挑战、提升制度执行力等方面进行讲解。学科建设与发展规划办公室主任巫世晶，第一临床学院院长王高华，党委组织部副部长王三礼、罗春明分别围绕“新一轮‘双一流’建设与教育评价改革”“党政干部心理健康维护”“学习贯彻普通高等学校基层组织工作条例，提高学校党的建设质量”“干部管理与监督有关制度解读”等内容进行专题讲授。   在廉政谈话环节，万清祥指出，新任职干部应尽快进入角色，珍惜岗位平台和干事机遇，发挥才干，履职尽责，切实将精力凝聚到干事创业推动发展上来；应严守纪律规矩底线，强化重点领域关键环节廉政风险防控意识，严守教育公平底线，心有所戒、行有所止，杜绝职务违纪违法，杜绝师德失范、以权谋私等现象发生；应树立正确政绩观，求真务实、担当作为，练强本领、提升能力，强化落实基础性工作，让想干事、敢干事、会干事、干成事成为干部队伍的鲜明特征，推动学校事业发展提速增效。  在小组研讨环节，培训班全体学员结合学习习近平总书记关于干部队伍建设的重要论述，结合所学课程和岗位工作实际，就如何提升自身的政治素质、工作本领和领导能力，适应学校事业发展要求等主题，进行了深入研讨和交流。   大会交流时，各小组代表报告了学习和研讨情况，部分学员作了自由发言。赵雪梅认真听取大家的发言，并与大家进行互动，现场气氛热烈。  赵雪梅指出，本期培训班呈现出参训率高和学习成效好等特点，充分展现了学校新任中层干部综合素质强、求知欲望强、学习能力强、纪律意识强的良好风貌。她对学员提出期望：一是加强学习、提升能力。要强化理论和业务学习，加强对政策的理解把握，做到对所分管的工作和业务了然于心，提高解决实际问题能力。二是敢于担当、推动发展。要打破传统思维方式，创新工作方式方法，敢于斗争，推动工作。三是改进作风、服务师生。机关干部要走进学院，宣讲政策，加强指导；学院领导干部要践行一线规则，主动联系服务师生。四是廉洁自律、依规履职。要严格要求自己，认真执行因私出国（境）管理、干部兼职管理、个人有关事项报告等规定，严格按制度按程序按规矩办事，确保干成事、不出事。 参训学员表示此次培训非常及时、内容丰富、安排紧凑、组织有序，授课领导和专家结合工作讲理论谈思路谈举措，有很强的指导性和操作性，并表示要及时把学习成果运用到工作中去，立足岗位奋力推动事业高质量发展，以优异成绩迎接党的二十大胜利召开。 据悉，本期新任中层干部培训班是学校年度干部教育培训计划的重点班次。学校在总结以往干部培训工作的基础上，充分发挥组织部、党校牵头，多部门共同举办的优势，开展体系化培训，统筹举办新任中层干部培训班等10个班次，旨在全面提升领导干部政治能力和专业素养，为推进学校高质量内涵式发展提供坚强保证。 >>>参训学员心得体会 本科生院副院长兼教务处处长吴丹：通过参加新任中层干部培训班，学习了习近平总书记关于干部队伍建设的重要论述等系列报告，使我开阔了视野、增长了知识、端正了态度、明确了使命。高校干部队伍关系到立德树人根本任务的落实和教育教学质量的提升，是学校内涵式发展的中坚力量。我们要提高理论水平，更新科学理念，完善知识结构，开阔工作思路，打破思维定式，树立创新精神，增强服务意识，强化落实能力，提高工作效率。在本科生院岗位上，我们要把握一流本科教育模式变革的方向，深化教育教学改革，落实“学生为本”的办学理念，更加追求卓越，更加关爱学生，更加担当有为，全面提升学校拔尖创新人才培养质量。 保卫部部长刘扬：通过学习，我深刻地认识到比职位更重要的是职责，比职责更重要的是责任。作为保卫部部长，要站在立德树人的高度，带着使命来思考、带着问题来领悟、带着责任来谋划、带着答案来落实学校的安全保卫工作。一是振奋精神，争做推动学校安全保卫工作的“开山斧”。要有强烈的事业心、责任感，不辜负组织期待、师生信任和岗位职责要求，以“校兴我荣，校衰我耻”的心态，为创建师生满意的校园安全环境建设尽力，为高等教育事业发展和立德树人使命作出贡献。二是提升能力，争做争先进位的“排头兵”。要提升解决问题的能力，要围绕一流大学校园交通环境治理的目标定位，完善施工图、路线图，以高标准的顶层设计引领学校安全保卫工作高质量发展。要坚持谋定而动、谋定快动，干就干成，干就干好，用保卫人员的辛苦指数换取师生的安全幸福指数。三是改进作风，争做服务师生的“店小二”。要站稳师生立场，换位思考，牢固树立“管理就是服务、管理就是提醒、管理就是教育”的工作理念。以师生的需求为导向，不为推脱找理由，只为办成想办法。把功夫化在平时、把力量用在脚下，给出“一分”任务，交出“十分”答卷。 资源与环境科学学院院长沈焕锋：感受到了三个“认真”。首先是培训的筹备与组织工作认真；其次是主讲人备课、授课认真，精心准备并奉献了精彩的报告；最后是学员学习认真，出勤率高、认真听课、讨论热烈。得到了四点收获。一是进一步丰富了思想政治理论知识，提升了学习能力；二是深入了解了学校的各项规章制度；三是拓展了战略思维与具体工作思路；四是坚定了干事创业的信心与决心。明确了五个努力方向。工作态度上要“一心一意”，不辜负学校的重托；工作纪律上要“一干二净”，秉公办事、清正廉洁；工作方法上要“举一反三”，在人才工作等中心问题上开拓思路；工作能力上要“三头六臂”，处理好行政、业务等各项工作；工作保障上要“四清六活”，保持身心健康。 计算机学院党委书记边金鸾：此次新任中层干部培训，内容丰富，有对领导干部政治上的价值引领和明确的标准要求，有日常工作规范和纪律规则的解读，还有学校发展思路介绍。培训既有高度、宽度、厚度，也有组织部在细节上精心设计的温度体现。计算机相关专业热度高、领域发展快，招收的学生多，发展压力大，我深感担子沉重。来学院后，通过教学组织架构搭建、完善教学管理、全员聘用、年度考核、薪酬分配、资源配置等全方位的配套工作，确保立德树人的根本地位。以人才培养工作为抓手，强化历史使命、责任担当，进行教职工的思想价值引领。方方面面工作任务重、要求高，有些工作周期长、见效慢，需要不断地提高政治站位，不断提升调查研究能力、科学决策能力、改革攻坚能力、群众工作能力、狠抓落实能力，只有坚持学习、勇于创新、担当作为、严格要求自己，才能实实在在推动高质量发展，为学院和学校做出自己的贡献。 公共卫生学院院长缪小平：此次培训让我对学校发展方向、高校干部的职责要求、有关工作制度有了更深层次的理解，受益匪浅。一是永葆忠诚之心。坚定理想信念、对党忠诚。不忘立德树人初心，牢记为党育人、为国育才使命。提高政治站位，不断增强“四个意识”、坚定“四个自信”、做到“两个维护”。二是永葆进取之心。不断学习，用先进的理论知识丰富头脑，在实践工作中提升业务能力，培养过硬的工作作风。在服务学校高质量发展中努力担当作为，提高干事创业能力。三是永葆为民之心。紧扣国家战略需求，强化公共卫生学科建设。密切联系师生，建强师资队伍，加强科研平台建设，优化人才培养体系，勠力同心，共建高水平公共卫生学院。 第一临床学院副院长刘忠纯：当今世界正经历百年未有之大变局，我国正处在实现中华民族伟大复兴关键时期，学校也处在新一轮“双一流”建设和高质量发展的关键时刻。通过参加学校新任中层干部培训班学习，我深刻认识到，一是落实立德树人根本任务，需要在工作中进一步加强学习，提升政治判断力、政治领悟力、政治执行力；开展基于历史、基于调研、基于问题、基于落实的工作，不断增强自身适应事业发展要求的能力。二是促进转变与适应，从思想上、行动上尽快适应从专家身份到管理者的转变，全面关注医疗、教学、科研、公共卫生与管理，干净担当，敢于斗争，提升管理能力和服务社会能力。三是聚焦全局与前沿，关注国家重大战略需求，聚焦新冠疫情下的医疗体系变化、国家医学中心和区域医疗中心建设、中国脑计划等，推动人民医院以人体系统为重点的“院中院”建设，加强学科交叉，助力学校新一轮“双一流”建设目标。 第二临床学院副院长鲁志兵：本次新任中层干部培训非常及时和必要，收获很大。作为医疗行业的新干部，专业和行政双肩挑，在治病救人、教书育人的同时，带领学院和学科发展，深感责任重大。通过此次培训，让我坚定了信念，找准了方向，体会到成为一名合格的干部需要不断加强学习，认识到作为一名干部，应该对党忠诚，冲锋在前，深入一线，敢于改革创新、勇于吃苦担当。把理论学习的成果运用到具体工作中去，把“七种能力”“八大本领”落实到个人行动中去，提高抵御风险、应急应变能力，同时守住底线，拒绝诱惑，清正廉洁，经受住各种考验。学校正经历蓬勃发展的关键历史时期，作为干部，我们决心在政治上、管理上、专业上严格要求自己，作好本职工作，为武汉大学的高质量发展做出更大的贡献。 党委宣传部副部长谌启航：为期两天的培训，紧紧围绕“新任干部”这个主题，内容丰富、安排紧凑，实用性、针对性强，既有习近平总书记关于干部队伍建设要求的总结阐释，也有学校“双一流”建设顶层设计的解析，还有工作制度、工作艺术的解读传授，让我们感受到了学校党委的高度重视、殷切期望，也让我们进一步坚定了使命、开阔了眼界、增强了自觉。今年是学校的“质量跃升年”，作为新任干部，我们要自觉知责于心、担责于身、履责于行，要不断强化理论武装，结合学校建设、岗位职责、个人成长等补齐知识短板、能力弱项；要努力提升大局意识和执行力，时时处处做有心人，在主动作为、科学作为中锤炼本领；要切实珍惜岗位，变任命为使命，保持进取之心、敬畏之心、创新精神，以优异的工作业绩为学校事业添砖加瓦。 化学与分子科学学院党委副书记何剑超：学校精心安排的新任中层干部培训非常必要、非常及时。培训课程内容全面、针对性强，专家讲授与学员讨论相结合，授课成效显著。在两天的学习中，我深刻感受到学校党委对我们年轻干部的关心和爱护。在今后的工作中，我们会始终牢记“任命就是使命，职务就是职责，要求就是追求”，快速转变工作角色，自觉提高政治站位，不断增强工作本领，敢于担当作为，厚植家国情怀，严守底线，不越红线，做一名忠诚干净担当的高校教育管理工作者，为落实立德树人根本任务、推进学校“双一流”建设贡献力量。 国家网络安全学院副院长陈晶：经过两天紧张而充实的学习，更加深入地了解了习近平总书记关于干部队伍建设的重要论述，倍感重任在肩。通过学习普通高等学校基层组织工作条例、议事规则、规章制度执行和干部管理监督制度等方面的内容，让我们对于如何开展工作及在工作中应注意的问题有了更加清晰的认识。通过学习学校“双一流”建设与教育评价改革，让我们对于一流标准有了更加具体的工作目标。中层干部是学校工作的“中坚力量”，既是学校政策的“执行者”，也是各职能部门和基层单位的“领头雁”，我们应该积极发挥组织协调、管理引导和策划指挥作用，为武汉大学“双一流”建设贡献力量。在今后工作中，我们一要提高政治素养,牢记为党育人、为国育才职责使命；二要学会判断事情的轻重缓急，提升统筹协调能力；三要广泛听取意见，提高调研和科学决策水平；四要坚持一流的标准，敢于突破、弃旧图新；五要强化落实能力,脚踏实地、笃定前行；六要培养应急处理能力,积极应对各项挑战。 先进技术研究院副院长袁小明：精心的课程安排、详实的培训资料、理论联系实际的授课内容，让我们不仅开阔了视野，启迪了思路，明确了差距，也找准了今后的努力方向，更是深刻地感受到了学校事业发展对我们的要求和期望，深感任务艰巨、责任重大。在今后的工作中，我将努力做到五“心”：坚定对党的忠诚之心，用真心为师生服好务，不忘初心、敢于担当，上下齐心合力谋发展，严格自律常怀敬畏心。同时，要求自己做到四“勤”：勤学苦练增强本领，勤跑一线深入师生，勤思善用改革创新，勤政务实狠抓落实。脚踏实地、久久为功，努力为学校“双一流”建设和科技事业发展贡献力量。 （摄影：金鑫、王玉  编辑：付晓歌）  电子邮箱：wdxw@whu.edu.cn 新闻热线：027-68754665         通讯地址：湖北省武汉市武昌珞珈山 传真：68752632 邮编：430072",
校党委书记韩进、校长窦贤康调研科研公共服务条件平台,info/1002/66947.htm,2022-04-14,Wuhan University,Institution,新闻网讯（通讯员王平跃）4月13日，校党委书记韩进、校长窦贤康来到尖端科技楼，调研科研公共服务条件平台建设和大型科研仪器安装试运行情况。  校领导逐一察看各项大型设备的安装调试进展，深入了解相关仪器设备的主要性能指标、功能、应用方向等，详细询问相关安全管理措施。科研公共服务条件平台管理团队详细汇报了扫描电子显微镜、场发射透射电子显微镜、冷冻透射电子显微镜、双球差校正透射电子显微镜等各项大型仪器的安装与运行情况。  在电子显微镜机组和X射线机组实验室，校领导同机组成员深入交流，给出针对性指导和建设性意见。 韩进对平台建设进展表示肯定，他指出，科研公共服务条件平台作为拥有高精尖大型仪器的支撑平台，在做好校内科研服务，为学校“双一流”建设做贡献的同时，为社会进步、国家科技战略发展做出贡献。他强调，大家要勤学苦练，抓住机遇，提高技术能力、测试质量、服务水平，不断推进平台建设和共享工作取得新成绩。 窦贤康对科研公共条件服务平台团队的工作给予充分肯定，强调要增强科研平台服务意识，合理规划，科学布局，加大开放共享力度，充分发挥平台高端仪器设备资源的共享，充分发挥大型仪器服务平台的科研支撑优势，为我校科研水平的进一步提高贡献力量。 在调研中，各机组成员纷纷表示，将以拓荒者的精神科学推进平台建设工作，决不辜负学校党委的殷切期望，努力提高技术能力和服务水平，将科研公共服务条件平台打造成服务学校前沿科学研究、人才引进和培养的支撑基地。 科研公共服务条件平台成立于2019年3月，由学校经过科学决策，重金投入建设、独立运行的条件保障类科研支撑基地，是学校科技创新体系的重要组成部分。目前，平台拥有大型先进科研仪器40余台套，设备原值2.7亿元，包括目前最先进的300KV冷冻透射电镜、300KV球差校正透射电镜等科研装备。平台成立后，在选址建设论证、环境改造、设备购置、队伍建设等方面，受到学校各部门的大力支持，多台设备安装调试完毕，投入试运行。     （摄影：曹海钢、刘宇澄  编辑：肖珊）  电子邮箱：wdxw@whu.edu.cn 新闻热线：027-68754665         通讯地址：湖北省武汉市武昌珞珈山 传真：68752632 邮编：430072,
我校参加新一轮“双一流”建设推进会并作交流发言,info/1002/66946.htm,2022-04-14,Wuhan University,Institution,新闻网讯（记者付晓歌）4月13日，教育部、财政部、国家发展改革委联合召开新一轮“双一流”建设推进会。教育部党组书记、部长怀进鹏，财政部党组成员、部长助理欧文汉，国家发展改革委有关负责同志出席会议并讲话，教育部党组成员、副部长翁铁慧主持会议。会议采取线上线下相结合的形式召开，武汉大学在分会场参会，校长窦贤康作为“双一流”建设高校代表之一发言。  怀进鹏指出，推进“双一流”建设是以习近平同志为核心的党中央作出的重大战略决策部署，是新时代我国高等教育强国建设的引领性、标志性工程。习近平总书记深刻阐释了“双一流”建设“为什么建、怎么建”等重大理论和实践问题，为新时代我国高等教育改革发展和“双一流”建设提供了根本遵循。经过首轮建设，我国高质量“双一流”建设体系基本形成，带动一大批高校和学科持续提高发展水平和服务国家战略拓展的能力。“双一流”建设高校要更加突出培养一流人才、服务国家战略需求、争创世界一流的导向，为建设世界重要人才中心和创新高地提供有力支撑，为实现中华民族伟大复兴作出重要贡献。 怀进鹏表示，要强化政治担当，深入推进新时代“双一流”建设重点任务。一要坚定把牢办学正确政治方向，坚定不移推进习近平新时代中国特色社会主义思想铸魂育人，推动思想政治工作全方位融入，推动高校党建高质量发展。二要超常规培养急需高层次人才，聚焦培养基础学科人才，大力培养卓越工程师，有针对性地把科学教育、工程教育的基础打扎实。三要下大气力全方位打造一流师资，强化教师教书育人第一职责和师德师风第一标准，以长远眼光发现和培养更多战略科学家，支持青年人才在挑大梁、当主角中加快成长。四要强力支撑高水平科技自立自强，以“四个面向”找准方向，以有组织科研汇聚能量，以创新体系和学术生态厚植土壤。五要高品质回应经济社会高质量发展新需求，对接新发展格局调整学科专业布局，针对解决现实问题推进学科交叉融合，以各自特色优势助推区域形成比较优势，成为产学研协同创新体系中的枢纽性节点。 怀进鹏强调，要扛起政治责任，提高抓好“双一流”建设的政治能力，以钉钉子精神扎实推进“双一流”建设。要加强党的全面领导，坚持社会主义办学方向，系统推进育人方式、办学模式、管理体制和保障机制改革，深入实施教育数字化战略行动，提高开放质量，进一步加强统筹规划和资源调配，巩固扩大多渠道支持力度。  窦贤康以《落实立德树人根本任务，推进哲学社会科学高质量发展》为题，作交流发言，介绍了武汉大学“双一流”建设的做法和成效。他指出，在落实立德树人的根本任务方面，武汉大学积极构建“大思政”工作体系，秉持“三创”教育理念，构建全覆盖、多层次的创新创业教育体系，为学生的成长成才创造更好条件。在坚持推动构建具有中国特色、中国风格、中国气派的哲学社会科学方面，一是锚定“三大体系”建设；二是坚持植根中国大地做学问；三是健全“同行评价为主，计量指标为辅”的哲学社会科学学科综合评价体系；四是汇聚、培养优秀青年学术团队，扶持冷门“绝学”，提升哲学社会科学原创力；五是完善一流平台与智库体系，提升服务国家战略需求能力。他表示，武汉大学将全力以赴，走好新的“赶考”之路，以新的发展成绩向党的二十大献礼，为新时代高等教育强国建设积极贡献武大力量。 在京“双一流”建设高校主要负责人、相关部委司局负责人、教育部有关司局负责人在主会场参加会议，省级教育行政部门负责人和“双一流”建设高校负责人在分会场参会。北京大学、清华大学、武汉大学、广东省教育厅、四川省教育厅等单位负责人做交流发言。 （摄影：金鑫 编辑：陈丽霞）  电子邮箱：wdxw@whu.edu.cn 新闻热线：027-68754665         通讯地址：湖北省武汉市武昌珞珈山 传真：68752632 邮编：430072,
紧盯年轻干部教育监督  新提任中层干部接受集体廉政谈话,info/1002/66934.htm,2022-04-14,Wuhan University,Institution,新闻网讯（通讯员郝晋）4月13日，校党委副书记、纪委书记，国家监委驻武汉大学监察专员万清祥与51名新任中层干部进行集体廉政谈话，强调要争做忠诚干净担当的领导干部，保障学校事业高质量发展。党委组织部、纪委监察部主要负责同志参加谈话会议。校纪委副书记、监察部部长彭国亮主持会议。  会上，彭国亮传达了湖北省纪委监委《关于9起年轻干部违纪违法典型案例的通报》。校党委常委、党委组织部部长朱德友提出三点要求：新任职中层干部尤其是年轻干部要把任命当作使命，始终胸怀“国之大者”，提高政治能力，切实落实立德树人根本任务；把职务当作职责，勇于担当、恪尽职守，善于发现问题、解决问题，杜绝拖延推诿；把要求当作追求，强化纪律意识，筑牢底线思维，不断提升自身修养。 万清祥指出，近年来学校党委全面贯彻新时代党的组织路线，树立崇实重干的鲜明用人导向，不断优化干部队伍结构，同时把新任职中层干部廉政谈话作为我校干部教育管理监督的“必选动作”。万清祥强调，新任职干部应尽快进入角色，珍惜岗位平台和干事机遇，发挥才干，履职尽责，切实将精力凝聚到干事创业推动发展上来；应严守纪律规矩底线，强化重点领域关键环节廉政风险防控意识，严守教育公平底线，心有所戒、行有所止，杜绝职务违纪违法，师德失范、以权谋私等现象发生；应树立正确政绩观，求真务实、担当作为，练强本领、提升能力，强化落实基础性工作，让想干事、敢干事、会干事、干成事成为干部队伍的鲜明特征，推动学校事业发展提速增效。 会上，校保密委员会办公室主任、党政办副主任胡庆方作为代表宣读了廉政承诺书，51名新提任干部观看了廉政微电影《国画》《家，缺一不可》，签订了《武汉大学新任中层干部廉政承诺书》。 （摄影：郝晋  编辑：肖珊）  电子邮箱：wdxw@whu.edu.cn 新闻热线：027-68754665         通讯地址：湖北省武汉市武昌珞珈山 传真：68752632 邮编：430072,
窦贤康为本科生讲思政课,info/1002/66931.htm,2022-04-12,Wuhan University,Institution,"记者：李琳 “新中国成立后，一大批海外学者克服重重困难回到祖国，成为新中国科学技术发展的奠基人、开拓者……” “我一直希望文科的学生能够多加强科学精神的学习，理工农医科的学生能够多加强人文素养的学习……” 4月11日下午，文理学部第四教学楼201教室，中国科学院院士、校长窦贤康为文学院2019级本科生讲授“习近平新时代中国特色社会主义思想概论”课程“习近平关于科技强国战略重要论述”专题。 窦贤康从“科技是决定综合国力的核心要素”“习近平总书记关于建设科技强国的重要论述”“高等教育在推动科技创新工作中的作用”“新时代武汉大学的新发展”等四个方面，以详实的资料、饱满的激情、亲历的事实、切身的感受、殷殷的期待，倾情讲解习近平总书记关于建设科技强国的重要论述,深入浅出的阐释建设科技强国的重要意义，勉励学生扛起时代重任，弘扬科学家精神，勇攀科技高峰，为把我国建设成为世界科技强国而努力奋斗。  在连续三节课的讲授中，窦贤康从历史与现实、发展与竞争、中国与世界、改革与创新等多维视角，全面阐释和讲解了习近平总书记关于科技强国重要论述的理论渊源、基本原则、时代内涵、布局方向和推进重点等重要内容。他指出，习近平总书记关于科技强国的重要论述是习近平新时代中国特色社会主义思想的重要内容，建设科技强国必须坚持和加强党对科技事业的全面领导，坚持走中国特色科技强国之路，坚持“四个面向”，坚持“三步走”战略。建设科技强国要切实落实2021年习近平总书记在中国科学院第二十次院士大会、中国工程院第十五次院士大会、 中国科协第十次全国代表大会上的重要讲话精神，矢志推进科技自立自强，全面深化科技体制改革，加强原创性、引领性科技攻关，强化国家战略科技力量，聚天下英才而用之，大力弘扬科学家精神，深度参与全球科技治理等。他强调了高等教育在推动科技创新工作中的重要作用，鼓励武大学子要树立远大志向，夯实学业基础，把个人理想追求融入党和国家事业之中，为建设科技强国添砖加瓦。 授课过程中，窦贤康从一名大学校长和科学家的视角谈科技强国战略和科技创新，引用了国家科技事业改革发展、武汉大学近年来奋发进取的大量历史现实资料数据,以及“新冠疫情防控”“量子通信”“天问一号”“北斗导航系统”等一系列科技领域前沿问题，学生听得津津有味。 “窦校长讲到的我校科研人员在抗疫中的贡献，让我进一步深刻感受到科技的力量和人才的贡献，让我明白要站在更大的格局上，重新认识大学的意义和自己的使命。”汉语言文学专业2019级本科生吴佳怡说。 “窦校长的亲身经历，让我对建设科技强国的重要性有了更深层次的理解。一代人有一代人的使命，我们当代大学生要更加崇尚学术、更加追求卓越、更加担当有为，以实际行动践行我们的责任。”汉语言文学专业2019级本科生郑宇感慨。  据学校党委宣传部和马克思主义学院介绍，武汉大学为办好思政课，专门出台了《武汉大学关于进一步加强思想政治理论课建设的决定》，形成推进思政课建设的“十条措施”。通过党委书记和校长任组长的重点马克思主义学院与思想政治理论课领导小组不断夯实工作举措落实落地。“习近平新时代中国特色社会主义思想概论”课程坚持“开门办思政”的理念，本学期共有来自12个学院的120多位教师，在60个课堂面向7000多名本科生，根据不同学科学生特点和需求开展针对性、分众式教学。两院院士、国家级教学名师、各类优秀人才、全国高校思政课教学展示活动特等奖获得者等纷纷登台授课，仅“习近平关于科技强国战略重要论述”专题教学团队就有5位国字号人才加盟，努力打造名师领衔、高度专业、堂堂精彩、学生喜爱的思政第一课。  （摄影：曹海钢  编辑：陈丽霞）  电子邮箱：wdxw@whu.edu.cn 新闻热线：027-68754665         通讯地址：湖北省武汉市武昌珞珈山 传真：68752632 邮编：430072",
全国首批 中部唯一 武大科技园入选国家地理信息出口服务基地,info/1002/66927.htm,2022-04-12,Wuhan University,Institution,湖北日报讯（记者祝华、通讯员林珩、陈黎）近日，商务部、自然资源部等七部门联合公布全国首批5家地理信息领域特色服务出口基地名单，武汉大学科技园成功入选，系中部地区唯一。此次入选，将进一步推动湖北地理信息产业发展，带动测绘遥感等地理信息服务出口。 此次公布的首批国家地理信息出口服务基地仅5家，分别为北京中关村科技园区朝阳园、上海中国北斗产业技术创新西虹桥基地、浙江湖州莫干山高新技术产业开发区、湖北武汉大学科技园和陕西航天经济技术开发区。 地理信息服务是利用测绘、遥感、卫星定位导航等技术，为用户提供地理信息产品和服务，例如人们生活中常用的车载导航、手机定位功能，就是地理信息服务在背后做技术支撑。 去年，国家特色出口服务基地评选启动后，省自然资源厅与省商务厅通力合作，经专家评定、公示公告等环节，推荐武汉大学科技园申报地理信息领域特色出口服务基地。 地理信息产业是一项关乎国计民生的朝阳产业。2012年以来，全球地理信息产业产值年复合增长率达15%至30%，2020年总产值已达5400亿美元。 湖北地理信息产业发展起步较早，已经成长起一批优秀地理信息企业和团队。目前，全省地理信息及关联产业产值约为516亿元，从业人员达到12万人，位居全国前列。2021年全国25个地理信息科技进步一等奖占4席，108个优秀工程金奖占16席。同时，产业发展也存在结构不均衡、底层核心技术壁垒待突破、科技成果转化率不高等瓶颈问题。 “此次入选，既是对湖北地理信息服务出口良好基础的肯定，也为湖北地理信息服务企业加快‘走出去’提供了契机。”省自然资源厅地信处处长彭江华介绍，地理信息服务出口基地是推动地理信息产业结构调整和优化升级的重要抓手，湖北将依托出口基地，推动地理信息产业延伸产业链、扩大出口规模、开拓新兴市场，在国际竞争中形成优势。 链接 武大科技园靠啥脱颖而出？年营收66亿培育新技术企业200余家 为何此次入选的是武汉大学科技园？ 能从全国各地的产业园中脱颖而出，凭借过硬的实力。地处中国光谷核心地带的武大科技园建于1999年，2010年10月被认定为国家大学科技园。 经过20多年发展，武汉大学科技园形成了以地球空间信息产业为主，人工智能、大数据、文化创意等产业为辅的“一主多辅”产业格局，先后培育了华灿光电、国创高新等上市企业和武大吉奥、卓越科技、珞珈德毅、天际航等一批地理信息行业代表企业，累计培育高新技术企业200余家，其中有湖北省上市金种子企业3家、国家级专精特新“小巨人”企业3家、湖北省科创板种子企业3家、新三板企业11家。园区产品和服务出口新加坡、美国、西班牙、德国、日本等国家和地区。 目前，园区内地理信息领域从业人员超10000人，年营业收入超66亿元，出口业务企业41家，年出口额超3.4亿元。 武汉大学科技园的规模还在不断扩大，去年其青菱创新产业基地奠基开工。项目占地180多亩，预计总投资14亿元在5年内建成。基地拟引进北斗应用产业、新能源产业、高端智能制造、环保产业、新材料、互联网及电子信息产业、现代服务业及相关上下游产业链。 武汉大学科技园有关负责人表示，园区借此次入选为契机，加快将园区打造为湖北地理信息服务出口聚集区，带动全省地理信息服务贸易规模化增长。 （本网编辑：陈丽霞）  电子邮箱：wdxw@whu.edu.cn 新闻热线：027-68754665         通讯地址：湖北省武汉市武昌珞珈山 传真：68752632 邮编：430072,
青年讲师团青教分团研讨全年宣讲工作,info/1002/66889.htm,2022-04-07,Wuhan University,Institution,新闻网讯（通讯员韩炜、韩采妤）3月31日，武汉大学青年讲师团青年教师分团集体备课会举行，与会青年教师围绕如何做好2022年的宣讲工作进行专题研讨。校党委书记韩进、党委副书记屈文谦、湖北省委讲师团处长荣瑛出席会议，洪湖市委党校常务副校长崔巍受邀进行示范宣讲。  校团委有关负责人汇报了2022年宣讲计划。青教分团将以迎接和学习宣传贯彻党的二十大为全年工作主线，分为两个阶段进行宣讲：党的二十大召开之前，以“十年砥砺行，建功新时代”为主题，重点宣讲十八大以来党和国家事业取得的历史性成就、发生的历史性变革，引导青年深刻感悟新时代党和国家事业发展的伟大成就。党的二十大召开之后，以“青春献礼二十大，强国有我新征程”为主题，重点宣讲党的二十大精神，引导青年深刻领悟党的创新理论重大成果。  全国基层理论宣讲先进个人崔巍以《青山绿水勇担当——从洪湖大湖开发与保护的变迁看践行习近平生态文明思想》为题向青教分团作示范宣讲。他以“洪湖水，浪打浪，洪湖岸边是家乡”的歌词引入对洪湖历史变迁的讲述。通过“人进水退、人水互利、人退水还”三个阶段的对比，再现了洪湖“一部人水纠葛的历史”，指出洪湖生态保护的成果集中体现了习近平生态文明思想，我们要推动美丽中国建设，必须更加坚定、更加自觉地践行习近平新时代中国特色社会主义思想。 宣讲之后，青年讲师纷纷发言——  经济与管理学院杜莉教授认为宣讲要结合专业特长讲好中国故事，打出学术话语、大众话语加国际话语的组合拳，做到“下功夫、动脑筋、有情怀”。 物理科学与技术学院杨奕教授认为，宣讲要根植于学生的兴趣和需求，发挥自己的专业优势，引导学生将百年党史的艰苦奋斗精神与科技自强相结合。 遥感信息工程学院高智教授将宣讲主题定为“元宇宙中武大青年学子的机遇与挑战”，寄语青年学子“像明天就要死去一样生活，像永远活着一样去学习”。 经济与管理学院罗知教授分享了她对经济学“权衡取舍”概念的理解，希望通过宣讲引导学生用长期、全局、多维的视角去理解和支持国家的各项政策。  马克思主义学院周绍东教授认为，“历史是社会科学的实验室”，应从历史经验和结论入手，从原创性理论、体系化总结、党的自我革新及坚守人民立场四个维度进行理论宣讲。 电气与自动化学院肖淞副教授认为，双碳问题不仅是一个科技或环保问题，还涉及很多社会历史性问题，要不断拓展自身知识结构，做到科技和人文的有机融合。 测绘学院丁浩教授认为宣讲不等于学术报告，要以科普的方式讲好科研背后的故事，包括科技前沿的创新理论、国家的重大科技战略及老一辈平凡而伟大的科学家精神。 文学院张晶副教授强调系统化设计对宣讲的重要性，指出要深入挖掘专业本身所蕴含的思想内涵，对课程体系、课堂教学进行体系化设计和专题化呈现。  电子信息学院周晨教授以“传承两弹一星精神，推进国防科技创新，培养红色电波事业接班人”为题，讲述了武大与“两弹一星”历史渊源和积极贡献。 物理科学与技术学院张顺平教授围绕“回顾百年‘光’辉岁月，展望千载‘光’明未来”的主题，将光学发展融入党史宣讲，鼓励学生投身国家重大战略需求领域的研究。 资源与环境科学学院邓红兵教授强调培养学生责任和担当的必要性，努力学好专业知识，致力科技自立自强，掌握核心技术，突破技术封锁。  韩进充分肯定了集体备课制度和讲师团的思考与实践，认为是“一次非常好的教学讨论”，也因此对全校课程思政的效果和前景充满信心。他指出，青年教师通过理论宣讲，对本学科的知识结构、逻辑脉络和价值取向进行梳理，在此基础上面向学生讲好理论、帮助学生坚定信念，真正把立德树人贯穿在教育教学全过程。韩进对青年讲师提出三点建议：一是研究学生，了解学生需求，厘清代际差异，用适合学生的方式方法开展宣讲；二是研究教学目标，结合专业特长、研究领域和自身经历讲好中国故事；三是研究教学方法，用青年话语讲好中国故事、讲清道理，引导学生树立正确的价值观、提高学生的判断力。 （摄影：金鑫等 编辑：付晓歌）  电子邮箱：wdxw@whu.edu.cn 新闻热线：027-68754665         通讯地址：湖北省武汉市武昌珞珈山 传真：68752632 邮编：430072,
【谋划】学校部署2022年统战工作,info/1002/66888.htm,2022-04-07,Wuhan University,Institution,新闻网讯（通讯员周琛）4月1日，学校统一战线工作交流会暨情况通报会举行。党委统战工作领导小组成员单位负责人，部分人大代表、政协委员，各民主党派、统战团体负责人，中国统一战线理论研究会党外知识分子统战工作理论研究基地负责人等近50人参加会议。校党委副书记赵雪梅出席会议并提出工作要求。 全国人大代表、台盟盟员刘江东传达全国两会精神。他从习近平总书记两会期间重要讲话精神、会议概况和成果、湖北代表团参会活动及个人履职情况等五个方面全面报告了此次会议的重大历史和现实意义，并结合参政议政成果畅谈自己的参会心得和体会。他鼓舞广大统一战线成员从新时代的非凡成就中增强历史自信、把握历史主动，把学习两会精神成果转化为坚持“两个确立”、做到“两个维护”的政治自觉，转化为胸怀“两个大局”、心系“国之大者”的政治担当，转化为团结一心、共同奋斗的磅礴力量，加快“建成支点、走在前列、谱写新篇”的步伐，以优异成绩迎接党的二十大胜利召开。 党委统战部部长郭建中代表统战工作领导小组报告了2021年学校统战工作情况。民革校委会主委游士兵、民盟校委会主委郭鹏、民建校委会主委李燕萍、民进校委会主委吴华意、农工党校委会副主委吴晓辉、致公党校委会主委黄翠、九三学社校委会主委上官莉娜、校党外知识分子联谊会会长邹薇、校侨联主席袁占鹏、校民促会副会长杨红梅、校欧美同学会会长邓鹤翔等分别从学习教育、组织发展、品牌活动、建言献策等方面总结交流了上年度开展的重点工作和亮点工作，对2022年工作开展进行了规划与展望。中国统一战线理论研究会党外知识分子统战工作理论研究基地办公室主任卢勇重点汇报了理论研究方面取得的丰硕成果。 领导小组成员单位代表先后发言，大家还就立足岗位双岗建功、党外干部队伍建设、深化民族团结教育、港澳台师生工作等进行了现场交流。 赵雪梅对统一战线成员的成绩和荣誉给予充分肯定，就做好2022年统战工作提出三点要求：一是加强学习，强化思想引领。要以迎接中共二十大、学习宣传贯彻二十大精神为主线，不断筑牢坚决拥护“两个确立”的共同思想政治基础。二是完善机制，加强自身建设。要始终坚持把民主党派、统战团体自身建设摆在重要位置，以上年度开展党派自身建设调研发现的问题为导向，切实加强和改进工作。三是主动作为，积极双岗建功。要充分发挥高校党外知识分子作为教学科研管理、改革建设发展的骨干作用，在立足本职争创一流业绩的同时，围绕学校和地方经济社会发展需求深入开展调查研究建言献策，贡献统一战线重要力量。此外，她对党委统战工作领导小组各成员单位在不断完善大统战工作格局运行方面，提出了加强协同、落实责任、加强督查等具体要求。 会上，校纪委副书记、党委巡视办主任蒋明对学校党委第六轮校内巡视情况进行了通报。 （编辑：肖珊）  电子邮箱：wdxw@whu.edu.cn 新闻热线：027-68754665         通讯地址：湖北省武汉市武昌珞珈山 传真：68752632 邮编：430072,
韩进与博士生宣讲团成员面对面,info/1002/66883.htm,2022-04-06,Wuhan University,Institution,新闻网讯（通讯员陶孝芳、陈乾奕）4月1日下午，校党委书记韩进与博士生宣讲团成员代表进行面对面交流，学子们畅谈宣讲心得、成长收获，现场气氛融洽热烈。 座谈会上，现任博士生宣讲团团长、哲学学院2020级博士研究生张昊从宣讲团总体工作、创新举措以及围绕大学生实际需求深入推进党的创新理论宣讲工作设想作了专题汇报。  历任宣讲团在校代表、历史学院研究生辅导员谭文天、药学院本科生辅导员唐名阳、计算机学院2019级博士研究生乔雨、马克思主义学院2020级博士研究生付玉璋、测绘遥感信息工程国家重点实验室2020级博士研究生韩承熙，先后介绍了当届宣讲团的主要工作，分享了宣讲感受和成长收获，并围绕博士生宣讲团的未来发展积极建言献策。  第五届博士生宣讲团成员代表、法学院2021级博士研究生赵晏民、生命科学学院2020级博士研究生王玉坤、电气与自动化学院2021级博士研究生苏大智等结合打造宣讲精品课程体系、发挥朋辈引领作用及依托专业开展有针对的宣讲等内容畅谈了宣讲体会。  韩进一边倾听，一边和大家现场研讨。他强调了思想引领对大学生成长发展的重要意义，对博士生宣讲团在朋辈引领中开展党的创新理论阐释、思想价值引领等宣讲工作给予充分肯定，对大家在宣讲过程中有所收获、有所感悟、有所成长感到十分欣慰。对于进一步提升宣讲团建设成效，韩进提出三点要求：一要坚持守正创新。持续用青年的思维、青年的话语讲好党的创新理论，要结合大学生的实际不断创新宣讲的形式与内容，积极推动习近平新时代中国特色社会主义思想在大学生中入脑入心。二要加强学习交流。要深入学习校内外优秀宣讲团的先进经验与方法，积极加强与宣讲对象的交流互动，努力提升宣讲课程质量，不断提升宣讲能力和宣讲成效。三要注重实践养成。宣讲团成员要努力提升自身的综合素质，要走出去，在场景中学习，在实践中宣讲，让宣讲更接地气、更有温度、更受学生欢迎。 据了解，武汉大学学习习近平新时代中国特色社会主义思想博士生宣讲团（简称“武汉大学博士生宣讲团”）成立于2017年11月，自成立以来始终坚持用青年视角阐释党的理论、用青年话语宣传党的主张、用青年担当践行党的要求，累计开展校内外宣讲650余场，直接服务师生和地方群众30余万人次，先后获评中宣部 “基层理论宣讲先进集体”、教育部“共抗疫情、爱国力行”主题宣传教育和网络文化成果一等奖等荣誉表彰，成为基层理论宣讲、思想价值引领的重要力量。 （摄影：张雨婷  编辑：肖珊）  电子邮箱：wdxw@whu.edu.cn 新闻热线：027-68754665         通讯地址：湖北省武汉市武昌珞珈山 传真：68752632 邮编：430072,
“鄂”来守“沪” 我校附属医院随湖北援沪医疗队抵达上海,info/1002/66876.htm,2022-04-04,Wuhan University,Institution,新闻网综合消息  4月2-3日，武汉大学人民医院、中南医院紧急组建建援沪医疗队。3日，包括武汉大学人民医院51人、中南医院51人、口腔医院12人在内，由1000多人组成的湖北援沪医疗队，已经分批抵达上海虹桥火车站。 2日下午，人民医院接到上级紧急通知，组建精干医疗团队支援上海。医院高度重视，全院紧急动员。3个小时内，一支包括医生、护士和院感专家在内的51人援沪医疗队火速集结，相关部门连夜配齐各类物资。医院相关负责人表示，本次支援使命光荣、任务艰巨。两年前武汉疫情告急时，全国4万多医护人员全力支持武汉抗疫，特别是上海中山医院医疗队、上海华山医院医疗队分别驰援人民医院东院区和武昌方舱医院，与人民医院医护人员结下了生死情谊。本次武汉大学人民医院援沪医疗队怀着感恩的心，受命驰援上海，必将不辱使命完成任务，尽全力回报全国人民支援武汉的恩情。  3日，武汉大学中南医院派出51名医护人员驰援上海。据介绍，医疗队由武汉大学中南医院副院长、曾任武汉客厅方舱医院副院长李志强教授带队，51人中包括10名医生，40名护士，1名院感专家，他们还携带了大量抗疫物资。医疗队大部分成员2020年曾在雷神山医院、武汉客厅方舱工作过，有着丰富的抗疫经验。  为支援上海，武汉大学口腔医院，迅速组建援沪医疗队。12名经验丰富医务人员参与此次任务。其中医生2人、护士10人。  （编辑：陈丽霞）  电子邮箱：wdxw@whu.edu.cn 新闻热线：027-68754665         通讯地址：湖北省武汉市武昌珞珈山 传真：68752632 邮编：430072,
吉林必胜！人民医院紧急医学救援队在吉抗疫工作获高度评价,info/1002/66873.htm,2022-04-02,Wuhan University,Institution,新闻网讯（通讯员任宜萱）目前，吉林市疫情防控已经进入总攻关键阶段，4月1日，中共中央政治局委员、国务院副总理孙春兰到吉林市实地考察指导疫情防控工作，看望慰问一线工作人员，并对武汉大学人民医院紧急医学救援团队帮助和支持吉林市方舱医院管理工作所取得的成效给予了充分肯定和高度评价。 3月14日晚8点，湖北省卫健委接到国务院联防联控机制综合组紧急通知，要求组建精干团队支援吉林省吉林市，指导方舱医院管理。接到命令后，武汉大学人民医院党委书记万红慧、院长王高华高度重视，紧急动员并调派原武昌方舱医院管理团队万军、贺华、姚红玲、王建英和郭姗姗等5名核心管理人员，组建紧急医学救援队于15日赶赴吉林。   此前，在2020年武汉发起抗击新冠肺炎疫情总攻的关键时刻，中央指导组曾于2020年2月3日部署武汉市迅速建造方舱医院，武汉市共建成16家方舱医院，用于隔离收治轻症确诊患者，实际开放床位13000多张，累计收治患者12000余人，实现了有效控制传染源、切断传播途径，提高治愈率、降低病死率的整体目标，为疫情防控全面胜利打下了坚实基础，为打造“中国方舱”模式做出了开创性贡献。   本次吉林市发生的本土聚集性新冠肺炎疫情，主要为奥密克戎变异毒株引起，传播快、隐匿性强，呈现点多、面广、频发的特点。面对疫情严峻形势，武汉大学人民医院紧急医学救援队带着丰富的武汉经验，抵达吉林后迅速投身于方舱医院管理工作，依据丰富的方舱医院管理经验，结合吉林省实际情况，与吉林市卫健委一起编写了《吉林省方舱医院设置规范》和《吉林省方舱医院指导手册（试行）》，对规范方舱医院设置管理和工作流程起到重要作用。截至目前，吉林市共建设10个方舱医院，开放床位18000张，累计收治确诊患者12534名。  工作十余天来，人民医院5人团队多次进入舱内查看工作实际运行情况，与一线工作人员及患者深入沟通交流；每日对各方舱医院进行巡查和督导，召开工作联席会，整合政府和医院力量，做到群策群力；指导方舱医院成立临时党委和病友党支部、落实医疗核心制度、优化核酸检测和报告程序、规范感染防控、建立简化电子病历、抓实患者信息采集和上报、规范患者收治和出院流程等工作，做到精准防控；根据每日存在问题和防控形势，向国家工作组报告各类问题清单并提出改进建议和研判举措，为夺取疫情防控全面胜利提供了有力支撑。  3月26日，受国家卫建委医政医管局监察专员郭燕红委派，5人工作团队一分为二，万军教授带领姚红玲、王建英赶赴长春市指导方舱医院管理工作，贺华和郭姗姗继续留守吉林市。4月1日，各方舱医院共有近1800名患者出院，做到了“房等人”“床等人”，朝着打赢这场疫情防控歼灭战最终胜利的宏伟目标又迈进了坚实的一步。 在疫情防控的关键时刻，武汉大学人民医院援吉管理团队将继续与长春市、吉林市各方舱医院工作人员一起，进一步增强责任感和紧迫感，齐心协力，真抓实干，担当作为，落小落细落实各项防控措施，以时不我待、不胜不归的决心，坚决打好打赢这场大仗硬仗，必将不辱使命、竭尽全力回报吉林人民支援武汉的恩情。  （供图：贺华 编辑：陈丽霞）  电子邮箱：wdxw@whu.edu.cn 新闻热线：027-68754665         通讯地址：湖北省武汉市武昌珞珈山 传真：68752632 邮编：430072,
学校开展新冠肺炎疫情防控应急演练,info/1002/66850.htm,2022-03-31,Wuhan University,Institution,新闻网讯（记者相茹 实习生刘宇欣）得到学生体温异常信息—确诊人员隔离—校园稳控及消杀—行程轨迹排查—校内全员核酸检测—校外转运—封闭后学生管理服务……在“实战化”条件下，通过对多个抗疫重点工作环节的全流程模拟，还原最真实复杂的抗疫“战时”场景。 为贯彻落实国务院联防联控机制联络组和省、市疫情防控指挥部对学校疫情防控工作指示，进一步做实做细学校疫情防控应急处置工作，3月30日，武汉大学组织开展了新冠肺炎疫情防控确诊病例处置应急实战演练活动。武昌区人民政府副区长陈磊、武汉大学副校长吴平，以及武昌区和我校相关职能部门负责人参加活动。演习结束后，学校还召开了应急演练点评会。 本次演练类型为模拟演练，通过模拟场景搭建、相关应急处置动作展示来进行。演练主要聚焦于出现确诊病例时校内应急处理、校内外及时联动举措，区相关职能部门与学校各工作组、师生代表参加演练。通过演练，指导各部门科学、有效开展新冠肺炎疫情的预防与控制，切实提高疫情防控各节点中不同队伍和人员之间的协调能力与配合度，提高师生员工应对疫情突发状况快速反应和应急处置能力。       在点评会上，陈磊对演练给予肯定。他强调，高校是疫情防控的重点单位，武汉大学成功举办武昌区疫情防控演练活动，对其他高校有很大的借鉴意义。他对武汉大学的防疫工作提出四点期待：一是克服“厌战”情绪，继续落实疫情防控的每一项规定，降低疫情发生风险；二是加强对师生的宣传和引导，提高疫苗接种率，关注学生心理变化；三是做好常态化防疫准备，增加场所、人员、物资的储备，以信息化建设管理师生出行；四是街道、社区要积极配合学校防疫工作，及时交流，保持工作顺畅有序。  吴平对区政府、街道对学校工作的支持表示感谢。她表示，学校的疫情防控工作有其特殊性，但在疫情防控实战中，武汉大学锻炼了一批强大的工作队伍，学校也始终将“以学生为本”作为防控指导思想，加强与学生的交流和沟通，做到信息公开透明。对下一阶段防疫工作，吴平要求全校继续保持高昂的防疫状态，做到更高重视、更多投入、更全面防控，保持学校的安全稳定，同时加强区各部门、街道和学校在信息共享、联合布控、人员处置等方面的合作，齐心协力、最大限度地保障学生安全。  武汉市疾病预防控制中心副主任医师陈邦华认为，此次演练做到了准备充分、指挥有序、流程顺畅、配合默契。他从专业角度提出三点建议：一是加强检测，及时发现异常。提高“群防群控”能力，鼓励师生主动反映情况；二是未雨绸缪，准备“大战”“恶战”。疫情防控新形势下，学校需要提前准备接收密接、次密接人员的隔离场所，在面对紧急情况时，能第一时间提供需隔离人员的中转站；三是属地管理，密切协作抗“疫”。防控工作坚持“属地优先”原则，学校和地方政府在疫情防控工作的衔接上应互相支持、互相配合，更好地应对突发情况。  学校高度重视此次应急处置实战演练工作，区政府办、区教育局、区卫健局、区疾控中心、杨园街道、徐家棚街道、粮道街道、黄鹤楼街道、首义路街道、珞珈山街道、白沙洲街道、 武汉理工大学、湖北大学、航海学院、湖北中医药大学、武汉音乐学院、中南财经政法大学、湖北财税学院等单位负责人，学校疫情防控指挥部各工作组负责人出席会议。校长助理、党政办公室主任徐东兴主持点评会。 2022年春季学期，武汉大学将继续不遗余力筑牢校园防疫阵地，保障学校安全、有序教学和师生健康，做到早发现、早报告、早隔离、早治疗，确保各项防控要求得到落实，有效预防、及时控制学校新冠肺炎疫情的发生及蔓延。 （摄影：曹海钢 编辑：陈丽霞）  电子邮箱：wdxw@whu.edu.cn 新闻热线：027-68754665         通讯地址：湖北省武汉市武昌珞珈山 传真：68752632 邮编：430072,
武汉大学2022年强基计划招生工作启动,info/1002/66843.htm,2022-03-30,Wuhan University,Institution,新闻网讯（通讯员杨志东）武汉大学近日发布了2022年强基计划招生简章，将继续面向全国30个省（自治区、直辖市）招生，招生规模为150人。 与2021年相比，武汉大学2022年强基计划招生在四个方面没有变化：一是选拔标准不变，继续选拔对所报考的基础学科有志向、有兴趣、有天赋，有志于服务国家重大战略需求且综合素质优秀或基础学科拔尖的高中毕业生。二是招生计划不变，哲学、汉语言文学（古文字学方向）、历史学、数学与应用数学、物理学、化学、生物科学、基础医学8个专业计划招收150人。三是考核方式不变，学校考核测试分为体育测试、综合能力测试两个环节。四是考生确认环节不变，高考结束后，考生须在2022年6月10日至20日登录强基计划报名平台，确认是否参加武汉大学强基计划考核测试并签订承诺书。没有在规定的时间内完成考试确认或签订承诺书者，学校将视为其自动放弃入围学校考核测试资格。 如果考生入围并完成了确认环节，而后又无故放弃强基计划考核测试，学校将通报生源所在省份招生考试机构并如实计入考生诚信档案。此举为一些已报名强基计划的考生在高考结束后提供了一次反悔的机会，同时避免了强基计划招生名额的浪费。 据相关负责人介绍，武汉大学2022年强基计划报名时间为4月8日至28日，报名平台网址为：https://bm.chsi.com.cn/jcxkzs/sch/10486，报考武汉大学强基计划的考生不能同时兼报其他高校强基计划。强基计划综合能力测试将在6月底进行。被强基计划录取的考生，其录取手续将由所在省级招办办理，未被强基计划录取的考生不影响正常高考志愿的填报和录取。 武汉大学强基计划招生简章、解读及培养方案，可通过武汉大学本科招生网（https://aoff.whu.edu.cn/）查询。 （编辑：相茹）  电子邮箱：wdxw@whu.edu.cn 新闻热线：027-68754665         通讯地址：湖北省武汉市武昌珞珈山 传真：68752632 邮编：430072,
【谋划】学校召开2022年实验室安全工作会议,info/1002/66842.htm,2022-03-30,Wuhan University,Institution,新闻网讯（通讯员赵旎）3月29日，学校召开2022年实验室安全会议暨教育部安全检查动员布置会，副校长李资远，学校实验室安全领导小组成员单位负责人、教学科研单位分管实验室安全工作负责人参加会议。 李资远强调，学校要坚决贯彻党中央、教育部的要求，树立实验室安全红线意识，严守师生人身安全、校园安全这一底线。他要求各部门、学院、科研单位要提高政治站位，深刻认识到实验室安全工作的重要性，全面把握学校实验室安全工作的短板和不足，不断提高实验室安全管理能力和水平，以实际行动迎接党的二十大胜利召开。  实验室与设备管理处处长毕卫民做工作报告，分析了我校实验室安全管理现状，部署了2022年学校实验室安全工作。会上还布置了2022年教育部安全检查工作，本次检查与以往相比时间整体前移、现场检查覆盖面更广、闭环要求更严格、追责问责更到位。 物理科学与技术学院副院长李利华围绕安全管理责任体系、实验室安全检查、实验室安全教育、实验室安全设施等方面介绍了实验室安全管理经验与做法，现场就该项工作存在的问题展开了交流与探讨。 据悉，今年学校将以落实教育部实验室安全专项行动与实验室安全检查为重点，从进一步落实责任，扎实开展隐患排查与整治，推进分级分类管理，提高实验室安全教育精准度，加强安全基础设施建设等方面着手，掌握防范、化解、遏制实验室安全风险的主动权，维护实验室有序运行，保障师生人身安全和校园稳定。 （摄影：顾春盛 编辑：付晓歌）  电子邮箱：wdxw@whu.edu.cn 新闻热线：027-68754665         通讯地址：湖北省武汉市武昌珞珈山 传真：68752632 邮编：430072,
一年花开季，全球“云赏樱”,info/1002/66838.htm,2022-03-30,Wuhan University,Institution,新闻网讯（记者吴江龙、邢知博、张潘磊 通讯员李津、宋博）春来芳菲时节，珞樱簇簇绽放。每年三月，天南海北的赏花人心头最惦念的莫过于武大的片片“樱花海”了。今年樱花开放期间，恰逢新一轮疫情防控关键时期，根据湖北省武汉市疫情防控政策要求，学校执行校园严格封控不开放措施，“医护人员赏樱专场”也相应推迟举行。 为满足广大校友以及社会公众的赏樱需求，学校在3月18日-19日两天盛花期的上午10：00-12：00免费开放网络5G“云赏樱”通道，并通过学校官方新媒体平台跟进，展示樱花盛开美景和樱花季武大校园文化活动。 携手央媒，现场直播精彩纷呈 3月18日上午10点，新华社全媒体平台移动专题直播“珞珈山下云赏樱”，通过游览校园赏樱路线，介绍武大的人文、历史、建筑、校园文化等，龚健雅院士、王建波教授以及多名学子畅谈在校学习生活。直播中，通过分享“启明星”项目团队故事、弘毅学堂通识博雅教育、理工科交叉培养的特色优势、学生抗疫志愿服务感受、援鄂医护人员子女考入武大后的体验等，与广大网友进行互动交流，体现武大人的责任和担当，展示学校人才培养的水平和质量。本场直播新华社全平台展示量总数据超过2100万，其中新华社抖音观看量1164万，新华社微信视频号、快手观看数据62.8万，移动直播和慢直播全网推送数据910万。 19日上午，中央电视台新闻频道（CCTV13）“新闻直播间”栏目分别以“三月樱花季 相约珞珈山”“古建筑群 人文之美”“校园本色 青春之美”为题，直播武汉大学校园樱花与建筑交相辉映、相得益彰之美，同时通过直播武大学子丰富多彩的校园社团活动，彰显武汉大学的美育风采。在现场，广大网友在杜莉教授、宋博老师的带领下，一起感受春天武大校园的自然之美、人文之美和青春之美。本次活动在央视新闻客户端、微博、视频号、百度、头条等中央电视台新媒体矩阵展示量总数据超过400万。 国内国际，同时开启传播通道 为保障传播效果，学校与新华社、中兴通讯、湖北移动等相关单位反复测试直播信号，确保位于马克思主义学院、新闻与传播学院、樱花大道的三个固定机位信号畅通。 全球200多个全媒体平台参与直播。人民日报、新华社、央视新闻、中国日报、中国新闻社、中国教育报等30多家中央和各省市新闻机构，中国大学生在线、中国科普网、湖北省总工会、移动咪咕、电信ITV等10余家企事业单位的200多个全媒体平台，以及武汉大学融媒体中心10余个全球直播平台矩阵同时开启“云赏樱”通道，总观看量1.8亿人次。 连续两天登上新浪微博全网热搜。3月18日，人民日报官方微博主持#云赏武汉大学樱花#话题登上热搜，观看量410万，27家媒体发布话题信息，总阅读量2450万；3月19日，央视新闻官方微博主持#武大樱花有多美#，观看量335万，武大再提热搜，26家媒体发布话题信息，总阅读量2550万。 学习强国首页强力推荐。3月18日，学习强国首页推荐频道“强国实播”栏目推出三路信号直播武大樱花，强国平台网友热评：“大美湖北、大美武汉”“美丽武汉、魅力的武汉大学”“武汉大学的樱花已经美了几十年了”“春暖花开、武大邀约你来看樱花”…… 多家海外平台同步直播。武汉大学脸书（Facebook）、推特(Twitter)、照片墙(Instagram)，以及中国日报脸书（Facebook）、“留学中国”脸书（Facebook）、“美丽中国”脸书（Facebook）、“WuHan Plus”脸书（Facebook）、中国新闻社油管（YouTube）等海外传播平台同步直播，发出有力的国际之声。 （编辑：陈丽霞）  电子邮箱：wdxw@whu.edu.cn 新闻热线：027-68754665         通讯地址：湖北省武汉市武昌珞珈山 传真：68752632 邮编：430072,
【谋划】武汉大学定点帮扶恩施市2022年工作座谈会举行,info/1002/66837.htm,2022-03-29,Wuhan University,Institution,新闻网讯（记者肖珊  学生记者陈巧燕）3月29日下午，武汉大学—恩施市2022年定点帮扶工作座谈会在校举行，校党委书记韩进、副校长吴平，恩施市市委书记苏勇、副市长吴德敏等出席，恩施市委市政府相关领导，学校定点帮扶工作领导小组成员单位主要负责人参加会议。吴平主持座谈会。  韩进致辞，对苏勇一行的到来表示欢迎。他表示，在推进恩施市乡村振兴的进程中，武汉大学将按照党中央的安排部署，进一步发挥资源优势，以教育、医疗、产业、人才、生态、文化等帮扶项目为抓手，优化帮扶机制，巩固帮扶成果，促进巩固脱贫攻坚成果与乡村振兴的有机衔接，努力让恩施市脱贫基础更加稳固、成效更可持续。 苏勇介绍了恩施市2021年巩固脱贫攻坚成果及乡村振兴工作开展情况，对武大多年来定点帮扶恩施市表示真诚感谢，希望武大一如既往地关心、支持恩施市经济社会发展，继续发挥高校科教优势，携手开创高校与地方高质量发展新局面。 会上，校长助理徐东兴介绍2022年帮扶工作计划，与会代表交流讨论。会后，苏勇一行参观了校史馆和万林艺术博物馆。 自2008年对口帮扶恩施以来，学校高度重视，将其视为服务社会的窗口、锻炼干部的舞台、教育师生的基地、学科发展的平台。在2022年帮扶工作中，学校将继续发挥科教优势，做好五个方面的工作：聚力教育卫生帮扶，扩大前期成果；助力恩施产业升级，推动强村富民；建强基层组织力量，提升治理水平；做好白果树村驻村工作，引领乡村建设；发挥特色学科力量，服务恩施发展。 （摄影：金鑫  编辑：伍轩）  电子邮箱：wdxw@whu.edu.cn 新闻热线：027-68754665         通讯地址：湖北省武汉市武昌珞珈山 传真：68752632 邮编：430072,
2021年度学校中层领导班子和主要负责人述职测评大会召开,info/1002/66827.htm,2022-03-28,Wuhan University,Institution,新闻网讯（实习生梁香香）近日，学校召开二级单位领导班子和主要负责人述职测评大会，推进对中层领导班子和领导干部年度考核工作。39家机关与直属单位、34家学院、47家分党委主要负责人分别进行专场述职、答辩，并接受全体校领导、二级单位主要负责人，以及部分科研机构、民主党派、离退休教职工、学生党支部书记等代表的测评。校党委书记韩进、校长窦贤康等全体在校校领导出席会议，校党委副书记赵雪梅主持述职测评大会。  述职测评大会包括述职和答辩两个环节。各单位主要负责人代表领导班子进行述职，并作个人述职。重点汇报贯彻落实习近平总书记重要指示批示精神和党中央决策部署，推进党史学习教育和“我为群众办实事”实践活动，高质量完成中央巡视和巡视整改工作，围绕学校年度工作要求在人才队伍引育、科研项目攻关、学科交叉融合、“三全育人”综合改革等方面的情况。述职既讲成绩，也分析工作中存在的主要问题和不足，提出改进的思路和具体举措。 述职结束后，现场评议人员纷纷提问。“请谈谈对优质优价的理解？工作中要注意哪些环节才能更好实现这一目标？”“这几个月，明显感受到校园交通有了一定改善，但离师生的期待还有很大的距离。你准备开展哪些措施，进一步优化学校的交通环境？”“学院这几年人才引育取得了较好成效。面对前有标兵、后有追兵的严峻挑战，如何进一步深化人才工作、推动学科发展？”“请谈谈党建工作与业务工作相融合的具体举措？如何引领学科发展突围？”……现场评议人员的问题针对性、挑战性十足。 “坚持守正创新、笃行不怠，积极为学校事业发展担当奉献”“知重而担，勇毅作为，再创佳绩”“聚焦改革发展，推动学校‘双一流’建设”“党建引领，勇于担当，追求卓越”……测评大会上，各单位主要负责人纷纷表示要继续发扬苦干实干的精神，砥砺前行、担当作为，为学校事业高质量发展贡献力量！ 据悉，2021年4月，学校党委对《武汉大学中层领导班子和领导干部考核工作办法》进行了修订，对考核的工作程序、指标体系、结果确定、结果运用等进行了丰富和完善，进一步体现了事业为上、注重实绩，分层分类、群众公认，奖优罚劣、奖勤罚懒的鲜明导向—— 一是考核程序更加优化。在本单位民主测评的基础上，学院领导班子和主要负责人的年度考核增加了学校述职测评和校领导评价，机关与直属单位领导班子和主要负责人还增加了服务对象测评。机关与直属单位主要负责人每年全部进行现场述职，分党委书记、学院院长采取现场述职和书面述职相结合的方式进行，两年实现现场述职全覆盖。 二是考核指标更加科学。对机关与直属单位，突出制度执行力和治理能力考核，重点考核发扬担当精神、斗争精神，推进治理体系和治理能力现代化、完成年度重点工作任务、防范化解重大风险等方面的情况；机关与直属单位的服务对象测评内容，在往年作风评议的基础上，还增加了流程优化情况测评、作风评议员测评，以及作风问题投诉扣分。对学院，突出高质量发展的实绩考核，重点考核围绕学校改革发展稳定的关键性指标，推动形成高水平人才培养体系、深入实施“人才强校”战略、深化综合改革、加快“双一流建设”等方面的情况。 三是结果运用更加有力。学校将加强综合分析研判，坚持定性与定量相结合，对中层领导班子和领导干部形成全面客观的综合评价并确定考核等次。同时，强化考核结果运用，将考核结果作为领导班子建设及干部选拔任用、管理监督、激励约束等方面的重要依据；配套制定相应的绩效激励措施和绩效经费调节办法，激励领导干部担当作为。 （摄影：金鑫  编辑：陈丽霞）  电子邮箱：wdxw@whu.edu.cn 新闻热线：027-68754665         通讯地址：湖北省武汉市武昌珞珈山 传真：68752632 邮编：430072,
【谋划】武汉大学召开2022年宣传思想工作布置会,info/1002/66823.htm,2022-03-26,Wuhan University,Institution,新闻网讯（记者付晓歌）3月25日，学校召开会议专题部署2022年宣传思想工作。校党委副书记沈壮海出席，全校各单位分管宣传工作的负责人、宣传员等参加会议。会议由党委宣传部副部长赵金利主持。      会上颁发了武汉大学2021年度优秀网络文化成果奖，这是学校首次评选该奖项。优秀网络文章、优秀工作案例、优秀微课、优秀新媒体作品等四个类别共计35件作品获奖。沈壮海为获奖代表颁奖。    会议还宣读了2021年度校园优秀微信公众号表彰文件，武汉大学人民医院、武大招办、武汉大学中南医院、武汉大学学生会、武汉大学图书馆、武大就业、武汉大学学生工作部、武汉大学校友总会、武汉大学法学院、武汉大学遥感信息工程学院入选“微信公众号十强”，20人获“运维先进个人”称号。党委宣传部常务副部长楚龙强为获奖代表颁奖。 会上，楚龙强总结2021年度武汉大学宣传思想工作并部署2022年工作。 2021年是政治大年、喜庆之年、开局之年，也是全校宣传思想系统担当重任、创造精彩的一年。一年来，全校宣传思想系统坚持以习近平新时代中国特色社会主义思想为指导，聚焦举旗帜、聚民心、育新人、兴文化、展形象的使命任务，紧扣主题，夯实建强理论武装体系；扛实主责，织密固牢意识形态防线；增强主动，构建特色思政工作格局；壮大主流，引领媒体融合精彩发展；建强主力，打造担当重任时代新军，为学校感恩奋进重启、书写英雄答卷、开辟“十四五”新局提供坚强思想保证和强大精神力量。 2022年武汉大学宣传思想工作的总体要求是：以习近平新时代中国特色社会主义思想为指导，深入学习贯彻党的十九大和十九届历次全会精神，认真贯彻落实习近平总书记关于教育和宣传思想工作的重要论述，深刻认识“两个确立”的决定性意义，增强“四个意识”、坚定“四个自信”、做到“两个维护”，弘扬伟大建党精神，坚持稳中求进、守正创新、敢于斗争，突出学习宣传贯彻习近平新时代中国特色社会主义思想首要政治任务，突出迎接学习贯彻党的二十大工作主线，紧紧围绕学校工作大局，担当举旗帜、聚民心、育新人、兴文化、展形象的使命任务，为学校奋进新征程、建功新时代提供坚强思想保证和强大精神力量。 楚龙强从七个方面部署了全年宣传思想工作：一是坚定不移用习近平新时代中国特色社会主义思想铸魂育人，二是全力营造迎接学习贯彻党的二十大浓郁氛围，三是巩固壮大奋进新时代的主流思想舆论，四是牢牢把握意识形态工作领导权，五是全面推进新时代思想政治工作守正创新，六是持续推进卓越大学文化建设，七是加强宣传思想系统自身建设。  沈壮海高度肯定了武汉大学2021年度宣传思想工作，认为全年工作有声有色、可圈可点。他希望各单位要认真学习贯彻习近平总书记关于宣传思想工作的重要论述，准确把握当前形势任务和2022年宣传思想工作主线、主题、主责，认真学习并积极落实学校宣传思想工作要点。一是紧扣主线，围绕迎接学习宣传贯彻党的二十大工作主线，结合武汉大学和本单位实际，部署和推动各项事业发展。二是突出主题，用习近平新时代中国特色社会主义思想铸魂育人，发挥好课堂主渠道作用，整合校内外力量，共同落实好立德树人根本任务。三是扛牢主责，牢记举旗帜、聚民心、育新人、兴文化、展形象的使命任务。他进一步强调指出，要把握好主线、主题、主责，必须将各项工作要点落细、落小、落实，要虚功实做，久久为功，也要严守底线，敢于斗争，妥善应对各种挑战，练好看家本领，共同努力做好2022年宣传思想工作，以优异的成绩为党的二十大献礼。 （摄影：金鑫 编辑：陈丽霞）  电子邮箱：wdxw@whu.edu.cn 新闻热线：027-68754665         通讯地址：湖北省武汉市武昌珞珈山 传真：68752632 邮编：430072,
学校举行2021年度基层党建工作述职评议考核会,info/1002/66821.htm,2022-03-25,Wuhan University,Institution,新闻网讯（记者相茹 实习生梁香香）3月24日，学校2021年度分党委（党总支）书记抓基层党建工作述职评议考核会举行。述职采取书面述职和现场述职相结合的方式进行，23位分党委（党总支）书记进行了现场述职，其他分党委书记作书面述职。  教育部驻校党建工作联络员黄永林，湖北省委教育工委专职副书记、省教育厅党组成员张幸平，湖北省委教育工委组织处处长乔志强，武汉大学党委书记韩进、校长窦贤康等全体在校校领导出席会议。校党委副书记赵雪梅主持会议。 校党委委员、纪委委员，各分党委（党总支）书记和相关负责人，以及部分省级以上“两代表一委员”和党员师生代表等参加会议。  会上，23位分党委（党总支）书记就履行基层党建和全面从严治党工作第一责任人职责、推动基层党建工作重点任务落地落实，党建工作促进单位人才培养、教学科研等中心工作，党建工作存在的问题及下一步改进思路等方面的内容进行了现场述职。每位分党委（党总支）书记述职结束后，与会人员现场提问，围绕推动基层党建提质增效、抓党建促发展等方面内容进行了交流。  韩进对23位分党委（党总支）书记的述职汇报进行了逐一点评。他指出，2021年度各单位认真开展党史学习教育，扎实做好迎接中央巡视和巡视整改工作，推动基层党建重点任务落地落实，涌现出一批特色和亮点做法，基层党组织战斗堡垒作用和党员先锋模范作用得到进一步发挥。同时，在强化党建引领作用，主动服务国家重大战略需求，推动党建工作与中心工作深度融合等方面还存在一些不足。下一步，要深入学习贯彻习近平新时代中国特色社会主义思想，落实新时代党的建设总要求和新时代党的组织路线，增强基层党组织政治功能、提升组织力，以高质量党建引领推动为党育人为国育才、实现高质量发展。 现场述职结束后，与会人员对各分党委（党总支）书记2021年度抓基层党建工作进行了现场测评。 开展分党委（党总支）书记抓基层党建工作述职评议考核，是坚持和加强党对学校的全面领导，夯实基层党建工作，落实管党治党政治责任，推进全面从严治党向基层延伸的重要举措。为了做好这项工作，述职评议考核会前，各单位结合领导班子的年度考核，由教职工对所在单位的党建工作进行了民主测评。同时，学校组建9个考评组，到各分党委（党总支），通过个别访谈、调阅资料、实地察看等方式进行了现场考评，进一步掌握了各单位2021年度基层党建工作开展的基本情况。其中，有16个分党委因为2021年度接受过校内巡视，不再进行现场考评，由巡视办会同各巡视组提出了考评意见。 （摄影：曹海钢  编辑：陈丽霞）  电子邮箱：wdxw@whu.edu.cn 新闻热线：027-68754665         通讯地址：湖北省武汉市武昌珞珈山 传真：68752632 邮编：430072,
武汉大学召开2022年全面从严治党工作会议,info/1002/66797.htm,2022-03-23,Wuhan University,Institution,新闻网讯（记者肖珊）3月23日上午，武汉大学召开2022年全面从严治党工作会议。校党委书记韩进作学校全面从严治党工作报告，并部署2022年工作；校党委副书记、纪委书记万清祥布置学校2022年纪检监察工作任务。校党委副书记、校长窦贤康主持会议。 会议采取线上线下相结合的形式进行。在主会场参会的有：全体在校校领导，校党委委员、纪委委员，中层正职干部，民主党派及无党派人士代表、离退休老同志代表和学生代表。在各分会场参会的有各单位中层副职、内设机构正副主任，各二级单位纪检员、各党支部纪检委员。  韩进作题为《着力推进全面从严治党向纵深发展，引领保障学校“双一流”建设再上新台阶》的报告，深入学习贯彻习近平总书记在十九届中央纪委六次全会上发表的重要讲话精神，回顾总结过去一年学校全面从严治党工作，部署安排2022年的重点工作。  韩进指出，习近平总书记在十九届中央纪委六次全会上发表的重要讲话，对坚持不懈把全面从严治党向纵深推进、迎接党的二十大胜利召开作出战略部署，为推进新时代党的建设新的伟大工程提供了基本遵循。2021年，学校始终坚持和加强党对学校的全面领导，坚决扛起管党治校主体责任，着力推进全面从严治党，切实加强党的领导和党的建设，深入推动党史学习教育走深走实，高标准推进中央巡视整改，持续优化校园政治生态，为学校教育事业发展“十四五”规划开好局、起好步提供了坚强保障。学校在推进党的建设和事业改革发展的实践中进一步积累了管党治党、办学治校的规律性认识：一是必须坚持和加强党的全面领导，这是我们坚定社会主义办学方向，坚决履行为党育人、为国育才使命的根本保证；二是必须坚持全面依法治校，这是我们办学治校的重要基石；三是必须坚持同心协力攻坚克难，这是有效保障教学科研等各项任务有序进行、实现高质量内涵式发展的重要条件；四是必须坚持改进工作作风，这是我们赢得师生支持、永葆生机活力的内生动力。 韩进指出，我们应该清醒地认识到，与党中央全面从严治党要求相比，与广大师生员工对全面从严治党的期待相比，我们的工作还存在一些问题和不足，比如：党建引领学校高质量发展方面存在不足，作风建设成效离广大师生期待仍有差距，学校监督合力尚未完全形成，全面从严治党主体责任落实不够均衡等。他进一步对2022年学校全面从严治党重点工作进行部署：第一，以党的政治建设为统领，加强党对学校的全面领导；第二，提升思想政治工作质效，坚定不移把牢社会主义办学方向；第三，不断增强党组织政治功能，持续激发干部队伍和人才活力；第四，坚持严的主基调不动摇，深化运用一体推进“三不”。  万清祥总结学校2021年纪检监察工作，部署2022年纪检监察工作。他对教育系统全面从严治党工作视频会的有关内容进行了再传达、再学习，剖析了学校纪检监察工作中发现的一些问题。他指出，2022年，学校纪检监察工作的主要任务有四个方面：一是认真落实纪检监察体制改革任务；二是持续深化巡视整改日常监督；三是驰而不息正风肃纪；四是一体推进“不敢腐不能腐不想腐”。  窦贤康在主持会议时作总结讲话，就贯彻落实会议精神提出三点要求。一是提高政治站位。各级领导干部要深刻领会习近平总书记重要讲话精神和十九届中央纪委六次全会精神，继续推进全面从严治党向基层延伸。二是层层压实责任。学校要坚持不懈地把全面从严治党向纵深推进，将全面从严治党的要求贯穿到办学治校的全过程、各环节，为学校各项事业健康发展保驾护航。三是抓好贯彻落实。各单位要以精简高效的举措、扎扎实实的工作，将此次会议精神和全面从严治党的要求，转化为全面从严管党治校的行动，凝心聚力共同构建起风清气正的政治生态和育人环境，以崭新的面貌迎接党的二十大胜利召开。 会后，学校领导班子成员与各二级单位负责人签订2022年度全面从严治党责任书，要求各单位自觉经常对照责任书内容，压实责任、履职尽责，进一步巩固深化全面从严治党成果。 （摄影：曹海钢   编辑：肖珊）  电子邮箱：wdxw@whu.edu.cn 新闻热线：027-68754665         通讯地址：湖北省武汉市武昌珞珈山 传真：68752632 邮编：430072,
武汉大学举行第二届思想政治理论课教学论坛,info/1002/66784.htm,2022-03-21,Wuhan University,Institution,"通讯员：付克新 在习近平总书记主持召开学校思想政治理论课教师座谈会三周年之际，3月19日，武汉大学以线上线下相结合的方式，举行第二届高校思想政治理论课教学论坛研讨会。  论坛由教育部社科司指导、教育部高校思想政治理论课教学指导委员会与武汉大学共同主办，武汉大学马克思主义学院、马克思主义理论与中国实践湖北省协同创新中心、全国高校思政课“手拉手”集体备课中心（武汉大学-西藏）承办。论坛主题为“善用新时代大思政课”，设开幕式、主论坛与示范教学展示等环节，邀请教育部高校思政课教指委负责人、全国重点马克思主义学院及其他高校马克思主义学院院长、全国高校思政课教师代表等参与研讨，线上线下超过2.5万人次参会。  开幕式：论道领航高屋建瓴，平台新著相映成辉 开幕式上，武汉大学党委书记韩进发表热情洋溢的致辞。教育部高校思政课教指委咨委会主任、北京大学博雅讲席教授顾海良，教育部高校思政课教指委主任、中国人民大学教授靳诺作主旨报告。武汉大学党委副书记沈壮海主持开幕式。  韩进结合武汉大学三年来贯彻落实“3·18重要讲话”精神，介绍了学校在改革创新思政课上所做的探索和工作。他指出，武汉大学在校党委的统一领导和统筹协调下，汇聚多学科的优势教学资源，举全校之力合开“习近平新时代中国特色社会主义思想概论”课；通过多学科共同“磨课”、协同授课，扎实推进了党的创新理论融进不同学科的专业课程；紧密结合抗疫斗争、积极创新实践教学讲好大思政课，融合新技术新媒体打造出优质思政品牌矩阵。他强调，推进新时代大思政课建设，学校党委要有高站位、大决心，思政课教师要有高素质、大信心，要打出组合拳、做好大协同。  顾海良强调，把握“3·18重要讲话”的精神实质，要紧扣“思政课是立德树人的关键课程”这个主题。立德树人是根本任务、关键环节，也是学校的立身之本。思政课是培养中国特色社会主义建设者和接班人的不可替代课程。习近平总书记关于思政课的认识有两次跃升，第一次是“3·18重要讲话”，强调讲好思政课应理直气壮，其他课程要和思政课相向而行，思政课不能变成人文课程之一，讲思政课应有惊涛拍岸之势、达润物无声之效。第二次是2021年3月，把思政课和大思政课的关系凸显了出来，强调大思政课要在社会生活中讲、要善用之、要和社会现实结合起来、要和学生生活实际结合起来。  靳诺重点阐述了“3·18重要讲话”推动思政课改革创新所取得的成就和经验，论述了如何理解大思政课的内涵和要求，怎么把握思政课的容量之大和价值之大、内容之大和格局之大，怎么善用大思政课实现为党育人、为国育才的目标。她特别强调，讲好思政课要善用百年大党的大理论、大历史、大胜利，善用新媒体技术手段，提升大思政课质效。 开幕式上还举行了全国高校大学生“我心中的思政课”微电影资源库共享平台启动运行仪式和《新编思想政治教育学原理》首发仪式。共享平台和新编著作，是新时代思政课创新发展的重要体现。  



  主论坛：战略引领，多维并进 主论坛第一环节中，教育部高校思政课教指委咨委会委员、北京师范大学王炳林教授，教育部高校思政课教指委主任、清华大学马克思主义学院院长艾四林教授，教育部高校思政课教指委主任、北京大学马克思主义学院党委书记孙蚌珠教授，以及4位教育部高校思政课教指委副主任——中国人民大学秦宣教授、天津大学马克思主义学院院长颜晓峰教授、华南师范大学马克思主义学院院长陈金龙教授、中国人民大学杨凤城教授分别做主题报告。武汉大学马克思主义学院党委书记罗永宽主持。  王炳林指出，讲好思政课，要从做研究、抓重点、讲故事三个方面发力。艾四林强调，要立足课堂教学构建大思政课教学体系，做好理论与实际、课内与课外、线上与线下、课堂与社会的结合。孙蚌珠结合北京大学《形势与政策》课程和实践教学的探索，强调善用大思政课，要事理结合，专家请进来、学生走出去。秦宣结合教材建设和新媒体善用中的问题，阐述了如何推进思想政治理论课高质量发展。颜晓峰指出，新时代大思政课要突出学习贯彻习近平新时代中国特色社会主义思想这一主题。陈金龙指出，大思政课建设要重视高校学生大历史观的培养。杨凤城着重从创新历史叙事、讲好“四史的”角度，谈了如何强化新时代思政课发展大战略的问题。 主论坛第二环节中，复旦大学马克思主义学院院长李冉教授、南开大学马克思主义学院院长刘凤义教授、吉林大学马克思主义学院院长吴宏政教授、南京大学马克思主义学院党委书记王建华教授、山东大学马克思主义学院院长张士海教授、兰州大学马克思主义学院院长蔡文成教授、西藏大学马克思主义学院党委书记扎西教授、武汉大学马克思主义学院袁银传教授作主题报告。武汉大学马克思主义学院副院长唐皇凤主持。  李冉认为，善用大思政课，教师不仅要站在理论制高点上，还要站在实践制高点上；不仅要讲好创新理论，还要讲好伟大实践；要培育社会各方面协同育人的意识。刘凤义围绕“树立‘大思政’观推进思政课高质量发展”的主题，提出了大思政课的系统观，把“思政课+”和“思政课-”结合起来，并介绍了南开大学的“四同育人”大思政课模式。吴宏政对大思政课与传统思政的互补关系进行了阐述，认为不能用社会生活素材代替思政课程教材、不能用社会大课堂取代思政小课堂、不能以就事论事取代以理服人。王建华指出，要以自我革命的精神推进思政课内涵式发展。要瞄准学科前沿、以问题为中心构建学术共同体、理论联系实际提升教学质量、强化基础理论研究厚植学科根基。张士海论述了推动新时代高校思政课高质量发展的问题，聚焦教学方法创新、结合山东大学的探索，提出了打造金课群、建立虚拟仿真实验室、重视社会实践、坚持内容为王，以及重视大历史教育、重视大实践和大理论等。蔡文成认为，把大思政课贯穿立德树人全过程，要做到四个结合：大课堂与小课堂的有效融合、供给侧和需求侧的有机衔接、主导性和主体性的有序统一、系统性和创新性的有力结合。扎西结合西藏大学思政课建设现状，对如何建设大思政课进行了分析，提出要结合西藏实际、善用本地鲜活的教育资源、善用援藏优质资源补足短板、利用三全育人的主体力量推动全过程全方位育人。袁银传聚焦新时代与大思政课的关系，指出，大思政课横向之大在于，包括思政课程和课程思政；纵向之大在于大中小一体化、本硕博一体化。善用大思政课，不能用专业课解构思政课。  示范教学展示：讲好中国民主故事，深度融合新媒体新技术 本届论坛特别设置了示范教学展示环节，围绕“思政课如何讲好中国民主故事”和“新媒体新技术与思政课深度融合路径”两个主题展开。 围绕第一个主题，中国人民大学马克思主义学院副教授王衡、南开大学马克思主义学院副教授常宴会、武汉大学马克思主义学院副教授任艳和付克新主讲，宁夏大学马克思主义学院院长范映渊教授和武汉大学马克思主义学院宋俭教授点评。武汉大学马克思主义学院副院长简繁主持。  王衡认为，思政课讲好中国民主故事，要讲清楚中国民主政治背后的科学理论体系、独特的价值优势、完整的制度程序和生动的参与实践。常宴会从坚持党的领导、人民当家作主和依法治国有机统一的角度，解读了《思想道德与法治》课程中的民主内容，阐述了理论逻辑、制度安排和治理绩效。任艳从坚持正确政治方向这个角度谈了如何讲好中国民主故事的问题，特别聚焦历史逻辑（照搬无用）、理论逻辑（照搬危险）、实践逻辑（不用照搬）三个维度。付克新在中西比较的视野下，阐释了西方民主何以走入迷宫、中国民主何以成为现代民主新范式的问题。在点评中，范映渊认为，要摆正课堂教学和学术研究的关系；面对不同专业不同学科的00后学生，要讲明白他们感到困惑的问题；讲中国民主故事，要接地气、要讲好百年经验。宋俭指出，几位青年教师都有良好的学理阐释能力和语言表达能力，大家很有理论自信、能关注理论热点和难点、讲课有高度的思辨性、有扎实的学术积累、体现了思政课的专业视角。需要注意的问题在于，要区别系统阐述与聚焦重点、做好思政课教学内容教学体系的衔接、课堂讲透和课外研读的衔接、善于把复杂的深刻问题简单化条理化清晰化。 围绕第二个主题，北京工业大学马克思主义学院副教授沈震、上海交通大学马克思主义学院教授史宏波、武汉大学马克思主义学院副教授陈慧女主讲，上海交通大学马克思主义学院教授李梁、武汉大学课程思政教学研究中心执行主任陈训威点评。武汉大学马克思主义学院副院长陈世锋主持。  沈震聚焦高校思政课智慧课堂互动教学大数据研究，结合教学案例阐述了智慧课堂的核心特征和根本目标。史宏波阐述了新媒体技术与高校思政课融合的不适与调适问题。陈慧女以新时代中国特色社会主义经济建设专题为例讲述了教学设计和新媒体新技术的运用问题。在点评中，李梁重点探讨了新媒体新技术与思政课深度融合路径问题，提出要基于课程来做融合；陈训威强调课堂是教师和学生共同打造的内容产品，要贴近学生的实际。  交流环节和大会总结：提升实效，共创未来 交流环节中，西华师范大学马克思主义学院院长张晓明教授围绕“新时代思政课教师自我效能感的三重规定性”，河北大学马克思主义学院柴素芳教授围绕“微电影：提升大学生党史学习教育亲和力的有效载体”，西南大学马克思主义学院副研究员崔建西围绕“高校思想政治理论课讲好党史的价值意蕴、理论要旨与实践指向”，西北大学马克思主义学院赵景龙老师围绕“场域理论视阈下的校园文化场馆融入思政课教学研究”，四川农业大学马克思主义学院孟志宏副教授围绕“高校思想政治理论课‘可逆形态教学共同体’探索”，北京航空航天大学马克思主义学院徐冶琼老师围绕“行业元素融入高校思政课教学的价值目标与路径”，兰州大学马克思主义学院张乃亮同学围绕“人工智能赋能‘大思政课’的原则遵循和实践策略”等关乎新时代思政课改革创新的重要主题进行发言。武汉大学马克思主义学院杨军教授主持。 （编辑：肖珊）  电子邮箱：wdxw@whu.edu.cn 新闻热线：027-68754665         通讯地址：湖北省武汉市武昌珞珈山 传真：68752632 邮编：430072",
学校召开硕士研究生复试录取工作布置会,info/1002/66769.htm,2022-03-21,Wuhan University,Institution,新闻网讯（通讯员王夏慧）3月17日上午，学校召开2022年硕士研究生复试录取工作布置会，学校纪委监察部、保密办、研究生工作部、研究生院相关人员及各培养单位分管研究生工作的负责人、研究生教学秘书参会。 会上，研究生院相关负责人传达了教育部2022年硕士研究生招生录取工作视频会会议精神，并从指导思想、建立健全组织机构、加强复试过程管理、做好考生服务等方面进行了工作布置。学校始终将师生生命安全和身体健康放第一位，坚持高标准、促进高质量，兼顾常态化疫情防控要求和工作实际，在确保安全性、公平性和科学性的基础上，统筹兼顾、精准施策、严格管理，稳妥做好疫情防控和2022年硕士研究生复试录取工作。 2022年硕士研究生复试录取原则上采取网络远程方式，复试时间安排在3月下旬至4月中旬。研究生复试工作是招生考试工作重要组成部分，培养单位要严肃考风考纪，采取“两识别”“四比对”等措施加强对考生的资格审查以及身份的审查核验，采用“一平台”“三随机”等方式加强复试过程监管；严格规范开展调剂工作，依据《管理规定》认真制订并公布本单位调剂办法，务必执行所有调剂考生均通过教育部“调剂服务系统”接收；创新优化考生服务，加强招生政策公开工作，提前发布本单位复试、调剂、录取工作办法，加强对考生参加远程复试工作的指导，向考生详细介绍有关软件平台使用办法、复试流程和相关要求等，对于不具备远程复试条件的考生，培养单位要进行技术兜底保障，确保应考尽考。针对复试工作中可能出现的各类突发情况，培养单位还应做好风险评估和相关应急预案，提前进行模拟演练，确保复试过程安全、顺畅、稳定。 会议要求，各培养单位要认真学习贯彻教育部和学校相关文件精神，培养单位研究生招生工作领导小组要切实担负起相应的责任，确保2022年硕士研究生复试工作安全、平稳、有序；要严格落实集体决策制度，严格按规定信息公示公开，严肃执行招生纪律，确保复试录取公平公正公开；要把好入口关，切实选拔优质生源，坚持以人为本、公平公正、全面衡量、科学选拔，实现复试工作的科学性、有效性和规范性，提高学校人才选拔质量，为“双一流”建设作出应有贡献。学校纪委监察部对硕士研究生复试录取工作提出了工作纪律要求。 （编辑：肖珊）  电子邮箱：wdxw@whu.edu.cn 新闻热线：027-68754665         通讯地址：湖北省武汉市武昌珞珈山 传真：68752632 邮编：430072,
​学校召开思政课教师和辅导员联席会,info/1002/66766.htm,2022-03-18,Wuhan University,Institution,新闻网讯（通讯员李琳、张佳宁）3月17日，在学校思想政治理论课教师座谈会召开三周年之际，党委宣传部牵头组织召开了思政课教师和辅导员联席会，就如何进一步深入贯彻落实习近平总书记在学校思想政治理论课教师座谈会上的重要讲话精神、充分发挥“主渠道”与“主阵地”育人合力、深化思政课教师与辅导员互动互促等问题进行了交流探讨。思政课教师代表、辅导员代表与相关职能部门负责人与会。  会上，参会人员集体重温了习近平总书记在学校思想政治理论课座谈会上的重要讲话。大家纷纷表示，习近平总书记的讲话，从党和国家事业长远发展的战略高度出发，深刻回答了学校思政课建设一系列重大理论和实践问题，为我们在新时代贯彻党的教育方针、办好学校思政课提供了根本遵循。三年来，在学校党委的有力领导下，各单位认真贯彻落实讲话精神和有关文件要求，在课程体系、教师队伍、后备人才、教学品牌建设和工作机制创新等方面都取得了不错的成效，初步形成了具有武汉大学特色的建设体系，思政课的吸引力、感染力和教师队伍的使命感、荣誉感得到了显著提升。 交流研讨环节，“习近平新时代中国特色社会主义思想概论”等思想政治理论课授课教师宋俭、金筱萍、杨军、杜莉、陈世锋等，分别就如何与辅导员协同联动、相辅相成，提升学生课堂的“到课率”“抬头率”“点头率”，增强课程的思想性、针对性等，畅谈了自己的想法与建议。辅导员标兵代表唐羽、徐晟和参与思政课授课的辅导员代表哈力哈什·哈布勒塔依、闫丽萍、唐名阳等分别就如何形成思政合力、善用“大思政课”，把教学重点、理论难点、社会热点与学生特点紧密结合起来，如何形成常态化的互动互促机制，提升辅导员队伍的专业化职业化能力等，给出了自己的思考。 如何进一步形成思政课教师和辅导员的协同育人格局？与会代表认为：“思政课教师和辅导员协同育人意识的提升是关键，要坚持‘主渠道’与‘主阵地’同向同行，充分进行育人资源的共享和育人经验的交流。”“思政课教师侧重把握思政课的思想性和理论性，辅导员专业背景多元、了解学生思想动态，利于提高思政课的亲和力和针对性。双方形成优势互补，着力提升思政课教师的育人精度和辅导员的育人深度。”“建立健全思政课教师和辅导员的互动机制，通过定期举办交流研讨座谈、立项思政课教师和辅导员的合作研究项目等方式，促进协同联动。”“思政课教师主动到授课学院了解学生思想动态，辅导员主动进入课堂参与教学环节，优化思政理论课与日常思想政治教育协同机制。” 如何办好“大思政课”强化实践育人？大家纷纷表示，“开门办思政，打好组合拳，利用好新媒体资源，融合其他学科力量，加强信息化建设，合力推动‘大思政课’建设。”“推动建设‘大思政课’实践教学基地，深挖校内外实习实践资源，实现思政实践课在习概课堂中的规模化试点，让思政课理论联系实际，更好地回应同学们在社会生活中遇到的问题。”“进一步强化第一课堂、第二课堂融合，推进思政实践课和学生社会实践活动一体化，完善实践学分认证机制，为实践育人打通通道、搭好平台。” 如何进一步推动思政理论课的改革创新？大家认为，“要继续加强思政课教师队伍建设，提升综合素质，吸纳一部分辅导员参与思政课集体备课，健全思政课教师评价体系，强化教学评价导向，实现教师和学生的教学相长。”“要推动将思政理论课纳入新生训练营课程体系，关心学生期待，丰富思政课教学形式，增强对社会难题的研判回应。”“推动思政课教学改革，每个学部有比较固定的思政课教师，让更多的思政课教师增强对授课学生自身情况和思想动态的了解，真正做到因材施教。” 相关职能部门负责人表示，针对大家提出的问题和建议，会尽快建立健全问题定期研讨机制、思政课教师和辅导员“一加一”协同机制以及实践教学与劳动教育、学生社会实践活动、志愿服务活动的整合机制，促进两支队伍的深度配合、力量融合和工作的环节闭合，推动理论武装体系和日常教育体系的有机融合，为培养一批又一批担当民族复兴大任的时代新人提供坚强保障。 （摄影：金鑫 编辑：伍轩）  电子邮箱：wdxw@whu.edu.cn 新闻热线：027-68754665         通讯地址：湖北省武汉市武昌珞珈山 传真：68752632 邮编：430072,
湖北省政协主席孙伟调研网安学院建设情况,info/1002/66777.htm,2022-03-18,Wuhan University,Institution,新闻网讯（通讯员梁铭铭）3月17日上午，湖北省政协主席孙伟一行到国家网络安全人才与创新基地考察调研，参观了武汉大学国家网络安全学院新校区，听取了学院党委书记沃闻达关于该院高层次人才引进、人才培养、科学研究以及校企合作等方面情况汇报，并观览了部分代表性科研成果。  在网络安全学院图书馆，孙伟走进多媒体阅览区、24小时自习区，实地体验了智能化教育应用场景，并与正在自习的学子进行了亲切交谈，详细了解他们在基地的学习和生活情况。  孙伟对武汉大学在国家网络安全人才与创新基地建设协同方面所做的工作以及积极建设一流网络安全学院的努力表示赞赏。他指出，建设国家网络安全人才与创新基地是加快建设网络强国的重要战略举措，基地要推动校企不断扩展合作领域，推动人才培养、技术创新、产业发展上新台阶。孙伟希望武汉大学网络安全学院充分发挥好科教资源富集优势，打造一流网络安全学科，培养一流网络安全人才。 武汉市政协主席杨智、东西湖区区委书记彭涛、区政协主席刘华强等陪同调研。 （摄影：孟罡 编辑：相茹）  电子邮箱：wdxw@whu.edu.cn 新闻热线：027-68754665         通讯地址：湖北省武汉市武昌珞珈山 传真：68752632 邮编：430072,
孙晋教授在《中国社会科学》（英文季刊）发文阐释加强数字平台的反垄断监管,info/1015/66935.htm,2022-04-14,Wuhan University,Science,新闻网讯（通讯员樊杰）《中国社会科学》（英文季刊）2022年第1期（总第46卷第1期）发表了我校法学院孙晋教授的学术论文“Anti-Monopoly Regulation of Digital Platforms”（《数字平台的反垄断监管》）。 习近平总书记在中共中央政治局第三十次集体学习时强调，讲好中国故事，传播好中国声音，展示真实、立体、全面的中国，是加强中国国际传播能力建设的重要任务。法学院有关负责人指出，孙晋此次在《中国社会科学》季刊（英文）的发文在向世界讲好中国故事、传播中国理论、贡献中国智慧的过程中起到了积极的推动作用，文章较好地体现了数字平台反垄断监管的中国实践、中国方案及其对世界的积极意义。 一是讲好中国故事。文章立足我国数字经济在20余年包容审慎监管的宽松发展环境下得以飞速发展的成功实践，剖析当下数字市场出现的垄断与限制竞争问题，认为数字平台的技术特性、动态竞争、跨界经营、网络效应、寡头竞争等特征，使得垄断问题趋于严重而且复杂，破坏公平竞争，损害消费者利益，抑制创新活力，阻碍数字经济高质量发展，妨碍全社会共同富裕，需要加强反垄断监管。 二是传播中国理论。运动式传统监管“一管就死，一放就乱”的治乱循环是我国市场监管的痼疾，也是包括欧美在内的当今世界具有一定共性的问题。新时代数字平台反垄断监管需要避免这一监管悖论。数字平台的双边性市场、动态性竞争和颠覆性创新也需要适配的反垄断监管理论创新，我国数字平台反垄断监管需要秉持谦抑性理念，在积极干预和放任自流之间寻求平衡，在此基础上确立积极的包容审慎监管原则。 三是贡献中国智慧。当下语境的强化监管，并非片面强调从严监管加重责罚，重点在于监管转型，实质在于监管创新，旨在通过监管转型和创新切实改进监管。良法乃善治前提，需要与时俱进加快修订《反垄断法》并配套相关规定健全数字竞争规则，为监管提供高质量制度供给；依据良法积极推进高效的包容审慎监管、公平公正监管、协同整体监管、激励性监管、信用监管和智慧监管，技术赋能监管提升监管效能，分级分类监管提高监管精准度，是实现数字平台反垄断监管的善治之道。 该文是孙晋主持的国家社会科学基金重大项目成果。孙晋近年来一直致力于我国新时代竞争法治与建设统一大市场、公共规制变革与优化市场监管权力配置、数字平台反垄断与高质量发展等领域的开创性研究工作，并在《中国社会科学》《中国法学》《法律科学》等期刊连续发表系列学术论文，对于数字经济领域反垄断的理论与实践研究做出了积极贡献。 （编辑：付晓歌)  电子邮箱：wdxw@whu.edu.cn 新闻热线：027-68754665         通讯地址：湖北省武汉市武昌珞珈山 传真：68752632 邮编：430072,
武汉大学无人智能成果参加国家联勤保障部队装备展示,info/1015/66929.htm,2022-04-12,Wuhan University,Science,新闻网讯（通讯员蔡列飞）测绘遥感信息工程国家重点实验室产学研科技创新孵化的立得空间公司最新成果——无人车智能系统近日亮相联勤保障部队装备展示会。央视频道对其进行了实时报到。 其中立得空间公司自主研发的“空天地三维实景应急展示平台”“三维全景激光背包产品”“手持式三维测量设备”“无人运输平台”“安保巡逻机器人”是军民两条线的主流，利用高精度定位导航系统及数字孪生时空大数据平台能实时实现机器人的自主移动、仿真与监控，也让越来越多自主可控的无人装备亮相国防练兵场。   在动态演练场上，无人运输车接受了演习任务，紧急运送80吨物资到指定地域。无人运输车以快速适应地形、载重量大的特点，为野外复杂环境作战的士兵提供强有力的支撑，通过自身搭载多种传感器进行多源数据融合，对周围复杂环境的智能感知、进行智能决策和车辆控制。同时车身可安装“侦测仪”，实时掌握场地当前动态，辅助后台指挥系统进行全地形无人车编队运送物资安全抵达前线。  无人运输车在有运输需求时可模拟战场环境，快速装载物资、自动绕行危险区域、自主选择最优路径，在最短时间内将物资运送到达安全区域，最大程度减少伤亡，提升物资及人员的运送效率。同时其在伤员转运、应急搜救等多个领域也得到充分的应用。 联勤保障部队在接受中央媒体采访时表示，无人智能化保障装备能对各兵种综合作战保驾护航。灵活、高效、安全的无人运输车在未来战争中将发挥不可替代的作用。 （供图：测绘遥感信息工程国家重点实验室 编辑：相茹）  电子邮箱：wdxw@whu.edu.cn 新闻热线：027-68754665         通讯地址：湖北省武汉市武昌珞珈山 传真：68752632 邮编：430072,
马克思主义学院课题组获湖北省党建研究课题特等奖,info/1015/66925.htm,2022-04-12,Wuhan University,Science,新闻网讯（通讯员赵靓靓）近日，中共湖北省委党的建设工作领导小组办公室、湖北省党的建设研究会联合下发《关于表彰2021年度全省党建研究课题优秀成果的通报》，武汉大学马克思主义学院李斌雄教授课题组承担的《习近平总书记全面从严治党方法论研究》课题被评为特等奖。 本次评选中，各课题承担单位报送180篇重点课题成果和自选课题成果，评选出特等奖4篇、一等奖9篇、二等奖18篇、三等奖27篇、优秀奖35篇。 该课题由湖北省党的建设研究会、党的建设工作领导小组委托李斌雄教授课题组承担，属于全国党的建设研究会负责的《习近平总书记全面从严治党重要论述研究》总课题的子课题。课题组负责人为李斌雄教授，课题组成员由硕士研究生杨檬、高也辽、苏政睿、赵靓靓，博士研究生魏心凝、杨竹芸构成。2021年6月起，课题组成员便对课题展开了科学研究；11月受宜昌市委组织部邀请，课题组在湖北省党建办学会工作处指导下前往宜昌市对相关基层党组织进行实地调研和访谈；12月正式结项。 课题包含四个部分：全面从严治党方法论的形成、全面从严治党的思想方法、全面从严治党的领导方法和工作过程方法、全面从严治党的具体工作方法。课题系统梳理、科学总结了习近平总书记全面从严治党的方法体系，有利于进一步深化对新的时代条件下党的建设规律的认识，切实增强贯彻落实习近平全面从严治党方法论的思想自觉和行动自觉。课题理论成果《习近平全面从严治党方法论研究——全面从严治党的具体工作方法》，刊发在《湖北党建》2022年第1期。 （编辑：肖珊）  电子邮箱：wdxw@whu.edu.cn 新闻热线：027-68754665         通讯地址：湖北省武汉市武昌珞珈山 传真：68752632 邮编：430072,
我校多项研究成果被国际计算机视觉顶级会议CVPR录用,info/1015/66924.htm,2022-04-12,Wuhan University,Science,新闻网讯（通讯员姚轩）近日，遥感信息工程学院4篇“遥感+AI”研究成果相继被国际计算机视觉与模式识别大会录用。该会议由IEEE主办，是计算机视觉和人工智能领域的世界三大顶级会议之一。 张永军教授“地像天图”课题组2018级博士生魏东及其合作者论文“ELSR: Efficient Line Segment Reconstruction with Planes and Points Guidance”，面向大场景三维线云重建存在的精度不高与效率较低的两个难题，创新地提出平面场景稳健探测理论与线段匹配高速响应方法。相比已有算法，两视线云重建精度提高近10%，速度快1000倍。多视线云重建在仅使用CPU情况下，运行速度相比GPU加速的SOTA算法提升近4倍，获取高精度三维线云数量增长近5倍。该成果对于发展高效的点线混合摄影测量新范式具有重要价值。   从368张高分辨率航空影像中重建的三维线云，耗时仅9分钟 陈震中教授智能信息处理课题组博士生欧阳君及硕士生米黎合作论文“Object-Relation Reasoning Graph for Action Recognition”，提出目标关系推理图卷积网络（OR2G），从可解释性角度对动作进行推理，通过将动作分解为一系列时序的目标和关系，构建目标级别图和关系级别图分别对时序目标和关系进行推理。在Action Genome数据集上，相比于传统方法获得了较大性能提升，促进动作识别任务向基于语义推理的方向发展。  目标关系推理图卷积网络OR2G 课题组博士生胡姚姒与微软亚洲研究院智能多媒体组合作论文“Make It Move: Controllable Image-to-Video Generation with Text Descriptions”，针对视频生成这一计算机视觉领域极具挑战性课题，提出了一种新颖的文本图像驱动视频生成任务（Text-Image-to-Video generation，TI2V）和基于运动锚点的视频自回归生成模型。通过运动锚实现图像与文本的语义对齐，并以时空对齐方式驱动视频生成。该模型通过引入显式条件以及隐式随机噪声，分别实现对视频速度控制以及模糊文本的多样化视频生成，推动了可控视频生成领域的发展。  基于运动锚点的视频生成模型MAGE 季顺平教授摄影测量与计算机视觉团队（GPCV）2020级硕士研究生张韬及合作者论文“E2EC: An End-to-End Contour-based Method for High-Quality High-Speed Instance Segmentation”，采用更接近人类理解的方式，提出一种全新的端到端实时矢量边缘提取（E2EC）方法，在降低边缘提取任务难度的同时极大提升了分割质量。E2EC在所有主流数据集COCO、SBD、KINS和Cityscapes上都取得了最好的性能。在SBD数据集上，相比于最新的SOTA算法Deep Snake，E2EC的mask AP精度高8.8%、boundary AP精度高76.8%，速度快11.4%。据悉，E2EC代码已开源，可便捷地嵌入其他方法，有望成为边缘实例分割的新基准，可广泛应用于自动驾驶、遥感制图、城市规划等。   端到端矢量边缘提取（E2EC）方法 （编辑：付晓歌）  电子邮箱：wdxw@whu.edu.cn 新闻热线：027-68754665         通讯地址：湖北省武汉市武昌珞珈山 传真：68752632 邮编：430072,
第九届武汉大学国际交叉学科论坛·教育学分论坛举行,info/1015/66919.htm,2022-04-11,Wuhan University,Science,新闻网讯（通讯员曾田、陆叶）4月7日下午，“第九届武汉大学国际交叉学科论坛·教育学分论坛”线上线下同步举行。论坛立足人才强校战略，以推进教育学科发展与学术创新为宗旨，是以实现融合学术交流与聚贤纳才目标而搭建的交流平台。  论坛由武汉大学教育科学研究院承办，院长彭宇文教授以及教师代表出席线下论坛。青年学者郝晓伟、叶甲楚分别做主题报告并与现场师生交流。武汉大学教育科学研究院副院长王郢主持论坛。  北京大学教育学院郝晓伟博士以《申请考核制对博士生生源及学术职业的影响》为题作学术报告。报告聚焦博士研究生教育的入口端和出口端，以双重差分模型进行实证研究，探讨申请-考核制的生源质量和就业去向。研究结果表明，非重点大学生源在申请-考核制中占比较大；申请-考核制度与直博和硕博连读方式形成互补；申请-考核制对学术职业影响并不显著，甚至对从事学术职业存在负向影响。 香港大学教育学院叶甲楚博士以《探索计算思维的发展与迁移》为题作学术报告。报告围绕“如何学习计算思维、如何将计算思维学以致用”两大问题展开。该研究在社会建构主义的框架下开展，以公立中学的学生为研究对象，采用情境学习和合作学习的教学方法，具体分为两个研究项目：“中学计算思维的发展与迁移：情境化编程”和“青少年的计算思维身份、学习体验、自我效能与职业追求”。最后，叶甲楚介绍自己未来的研究核心是科技增强学习，并提出了学习平台设计、教学过程的信息化、科技促进教育公平等课题。 武汉大学教育科学研究院冯惠敏、李保强、高新发、童珮茹等老师就制度实施的国别背景差异、理论模型的实现性与科学性保证、不同思维之间的互补关系、研究对象的性别差异等具体问题与报告者展开了深入交流。教育科学研究院博士生、硕士生积极参与研讨。 彭宇文赞扬了两位博士的学术报告，强调研究方法和跨学科背景在学术研究中的重要性，并真诚期待与海内外青年才俊做面对面的交流探讨，共同推进武汉大学教育学科的发展。 （供图：教育科学研究院 编辑：相茹）  电子邮箱：wdxw@whu.edu.cn 新闻热线：027-68754665         通讯地址：湖北省武汉市武昌珞珈山 传真：68752632 邮编：430072,
聚焦前沿技术研发  湖北省区块链技术创新研究院获批组建,info/1015/66917.htm,2022-04-11,Wuhan University,Science,新闻网讯（通讯员项瑞望、胡浩）近日，我校牵头组建的湖北省区块链技术创新研究院获得湖北省科技厅批准建设。 该研究院由武汉大学牵头，联合中国地质大学（武汉）、湖北大学、湖北工业大学等省内高校，以及湖北邮电规划设计有限公司、武汉信安珞珈科技有限公司、武汉等保测评有限公司、矩阵元技术（深圳）有限公司共同组建。 研究院科技攻关核心团队由我校多位教授专家组成。该团队常年致力于可信计算、信息系统安全方向的科学研究，完成了可信云环境构造方法和可信云测评方法，同时将人工智能等新兴产业技术应用于物联网安全、区块链安全的研究工作中。团队在国密算法设计实现、区块链技术及应用和安全协议设计分析等研究方面走在全国前列。 据悉，研究院将聚焦区块链领域前沿技术研发，突破区块链跨链通信技术、智能合约技术、安全保障技术、监管与隐私保护技术等区块链核心关键技术，推动区块链专业人才、区块链市场主体培育，带动湖北省区块链产业发展。力争通过3年的建设，在区块链相关技术领域突破一批关键核心技术，形成100个知识成果，形成100个解决方案，培养区块链专业人才1000人，建设10个创新平台，建成10个公共服务平台，培育10家企业，建成100个产学研合作项目。 （编辑：肖珊）  电子邮箱：wdxw@whu.edu.cn 新闻热线：027-68754665         通讯地址：湖北省武汉市武昌珞珈山 传真：68752632 邮编：430072,
武大牵头组建湖北省首个基础学科研究中心,info/1015/66916.htm,2022-04-11,Wuhan University,Science,新闻网讯（通讯员项瑞望、谭佳、胡浩）为贯彻落实习近平总书记在2021年中央经济工作会上提出的“强化国家战略科技力量，抓紧制定实施基础研究十年行动方案，重点布局一批基础学科研究中心”重要指示，在湖北省科技厅的指导下，我校积极组织、先行先试，牵头组建湖北生物学基础学科研究中心，切实提升我国生物学的基础研究和科技创新能力。近日，中心作为湖北省首个基础学科研究中心获批建设。  湖北生物学基础学科研究中心由武汉大学牵头，宋保亮院士作为执行委员会主任，联合华中科技大学、华中农业大学、湖北大学等高校共同组建，坚持“前瞻引领、需求驱动、多元融合、开放协作”原则，聚焦生物学基础学科、生命健康和生物产业需求，在国家重大战略需求上实现基础研究“顶天”、产业转化“立地”，成为原创性成果的策源基地、突破性医药产品的研发基地、科技创新人才的培养基地。  该中心注重各共建单位间的学科优势互补，充分利用湖北省各学会、协会等学术组织的框架，力求打破以往学科间孤立、碎片化的科研模式，破除学科壁垒，促进生物学基础研究和应用基础研究的密切衔接，推进湖北生物学基础研究资源的联合，同时广泛开展国际交流合作，积极服务生物医药企业，构建湖北生物学产学研一体化体系。 （编辑：肖珊）  电子邮箱：wdxw@whu.edu.cn 新闻热线：027-68754665         通讯地址：湖北省武汉市武昌珞珈山 传真：68752632 邮编：430072,
院士专家线上研讨现代偏微分方程中的若干核心问题,info/1015/66923.htm,2022-04-11,Wuhan University,Science,新闻网讯（通讯员刘晓春）4月7日至10日，我校举办“现代偏微分方程中的若干核心问题”线上学术研讨会。会议由数学与统计学院、数学协同创新中心和武汉大学国家天元数学中部中心联合主办。 国家自然科学基金委数理科学部主任江松院士、复旦大学洪家兴院士、中科院数学与系统科学研究院张平院士、国家自然科学基金委数理科学部数学处处长何成教授等出席。来自中科院数学与系统科学研究院、北京大学、清华大学、复旦大学、中国科学技术大学、浙江大学、南京大学、上海交通大学、香港中文大学、香港城市大学及我校等20余所境内外知名高校和科研院所的70余位专家学者应邀参会。 洪家兴和武汉大学数学协同创新中心主任陈化教授共同主持开幕式。江松在致辞中高度赞赏我校PDE研究领域近期取得的成绩。武汉大学数学与统计学院院长赵会江教授致欢迎辞，感谢与会专家对我校数学学科的支持，希望会议交流碰撞出更多优秀成果。开幕式线上听众达到400余人。 本次会议旨在探讨偏微分方程研究领域中核心问题的新进展和新动向，推动我国本领域学术交流合作，加强学科建设和应用研究。会议主题包括“动理学及流体力学方程的理论及应用”和“椭圆和拋物方程的理论及应用”两个方面，共组织了33场专题报告，内容涵盖目前国际偏微分方程研究领域的多个核心理论问题和实际应用，全程线上参会人数累计2100余人次。与会专家评价：“本次会议是近两年一流专家参会最为集中，学术水平非常高的一次盛会！”。 本次会议得到国家自然科学基金重点项目“几类非线性退化型偏微分方程解的研究”和武汉大学国家天元中部数学中心的经费资助。  （编辑：陈丽霞）  电子邮箱：wdxw@whu.edu.cn 新闻热线：027-68754665         通讯地址：湖北省武汉市武昌珞珈山 传真：68752632 邮编：430072,
我校3本（门）教材（课程）入选全国干部教育培训好教材好课程,info/1015/66907.htm,2022-04-08,Wuhan University,Science,新闻网讯（通讯员梅洁、杨希、高朝虎）近日，中组部下发全国干部教育培训好教材好课程推荐目录，我校共有2本教材、1门课程入选，入选数居全国高校前列。 2本好教材分别是：马克思主义学院沈壮海教授主持撰写的《人民最大：中国共产党人的人民观释讲》，法学院周叶中教授、祝捷教授等编著的《党内法规通识》；1门好课程为马克思主义学院金伟教授主讲的“从党史中汲取前进动力”。 《人民最大：中国共产党人的人民观释讲》从中国共产党的“人民至上”执政理念切入，以广阔的学科视域、严密的策论分析，结合原典、党史、事例与数据，讲述了“江山就是人民，人民就是江山”的道理，揭示了中国共产党之所以能够赢得人民信任、得到人民支持的密码，展现了新时代马克思主义人民观、政治观、政党观、政绩观和幸福观的创新和发展。 《党内法规通识》是面向广大领导党员干部以及对党内法规感兴趣的读者所编写的一本通识性读物，通过系统全面地梳理党内法规及党内法规制度建设的相关知识，向全党全社会普及党内法规是什么、怎么学，十八大以来党内法规制度建设的伟大成就，认真学习党章、严格遵守党章的重大意义等。 “从党史中汲取前进动力”课程中，金伟从中国梦叙事新范式切入，把党史置放到中华民族伟大复兴的历史进程中去考察，使党员干部深刻认识党史学习教育是坚守初心使命、坚定理想信念的固本之道，是汲取历史经验、激励奋进力量的深远之谋，是锤炼政治意识、磨练政治能力的关键之策，是加强党性修养、锻造优良作风的战略之举。 据悉，中组部每两年组织开展一次全国干部教育培训好教材好课程推荐活动，本次共有45种教材、108门课程入选，其中高校入选好教材6本、好课程13门。学校将以好教材好课程推荐活动为契机，进一步加强干部教育培训重点教材及精品课程建设，不断完善开发和更新机制，为加强和改进干部教育培训工作提供有力支撑。 （编辑：肖珊）  电子邮箱：wdxw@whu.edu.cn 新闻热线：027-68754665         通讯地址：湖北省武汉市武昌珞珈山 传真：68752632 邮编：430072,
何有祖入选中国历史研究院“兰台青年学者计划”,info/1015/66899.htm,2022-04-08,Wuhan University,Science,新闻网讯（通讯员与闻）近日，中国历史研究院公布（2021年度）“兰台青年学者计划”名单，首批6人入选。武汉大学简帛研究中心何有祖副教授榜上有名。 何有祖自2009年入职武汉大学以来，一直致力于战国秦汉简牍的文本整理及其历史内涵发掘，先后主持国家及省部级项目5项，发表论文80多篇，参与编撰《里耶秦简牍校释（第一、二卷）》《荆州胡家草场西汉简牍选粹》，出版专著《新出秦汉简帛丛考》（2021）。  据悉，“兰台青年学者计划”的设立，是为了深入贯彻落实习近平总书记致中国历史研究院成立贺信精神，加快构建中国特色历史学学科体系、学术体系、话语体系，造就一批符合新时代中国史学发展需要的德才兼备、学养扎实的青年史学人才。该项目支持工作在全国史学研究和教学机构科研一线的优秀史学青年人才，以习近平新时代中国特色社会主义思想为指导，坚持历史唯物主义立场、观点、方法，开展全局性、战略性、综合性、前瞻性问题研究，提高研究水平和创新能力，产出具有影响力的高水平史学成果，以期培养政治正确、学术高端、素质全面的青年史学人才，为建设新时代中国史学提供坚实的人才支撑。此次入选的还有中国第一历史档案馆李刚、曲阜师范大学孙晓光、中国历史研究院古代史研究所陈丽萍、中国历史研究院历史理论研究所赵庆云、北京师范大学黄国辉（按姓氏笔画排序）。 （编辑：付晓歌）  电子邮箱：wdxw@whu.edu.cn 新闻热线：027-68754665         通讯地址：湖北省武汉市武昌珞珈山 传真：68752632 邮编：430072,
杂交水稻国家重点实验室入选全国科普教育基地,info/1015/66893.htm,2022-04-07,Wuhan University,Science,新闻网讯（通讯员牛莉萍）近日，中国科学技术协会发布《关于命名2021-2025年第一批全国科普教育基地的决定》，武汉大学杂交水稻国家重点实验室位列其中，这是我校首次获批国家级科普教育基地。 杂交水稻国家重点实验室（武汉大学）2011年经国家科技部批复，由武汉大学和湖南省杂交水稻中心共建，是我国该领域集科研教学培训一体的重点单位。2013年，习近平总书记到杂交水稻国家重点实验室武汉大学鄂州试验基地视察工作，并指示：“粮食安全要靠自己。”在已故的袁隆平、朱英国等老先生的带领下，杂交水稻国重全体科研人员牢记嘱托，砥砺奋进，为国家粮食安全贡献更大的力量。 据悉，实验室高度重视科普工作，制度健全、队伍齐整、设施先进、组织有力。朱玉贤院士领军的人才队伍不遗余力地做好知识推广工作。近几年来，实验室秉承“走出去、请进来”的宗旨，在全国科技工作者日、科技活动周、科普日等重大节点举行大型科普开放活动，社会反响良好。针对广大农民的农业技术科普推广是重中之重， 2020年实验室获批中国科协“一带一路”国际科技组织合作项目，新增了面向巴基斯坦、孟加拉、马来西亚等沿线国家推广杂交水稻繁育种植技术的规定任务。 经过多年的不断探索完善，实验室已建立了一套完善的科普工作制度，涉及到规划布局和建设运行、硬件设施和人才队伍、大型活动和网络发布等方面。2021年，实验室举办了全国青少年高校科学营实验室参观、转基因科普进校园等大型活动，接待3000人次。实验室现有校内主大楼和近10个校内外试验基地，建有仪器操作体验平台、室外组织培养体验间等大型科普教育场地，同时正在建设基于虚拟现实技术的体验平台，未来将开放线上体验功能。实验室注重多元手段推广，积极利用网络资源，以喜闻乐见的方式，扩大受众范围和传播效率，如微吼课堂科普讲座等。（网址：https://class.vhall.com/#/login） 据了解，为贯彻落实《全民科学素质行动规划纲要（2021—2035年）》，提升社会化科普工作能力，中国科协启动了2021-2025年度第一批全国科普教育基地认定工作。经过湖北省科协推荐以及中科协评审，杂交水稻国家重点实验室最终入围。下一步，教育基地将全力推进新时代科普工作模式转型升级，围绕利用科普资源助推“双减”工作，加强科学精神和科学方法的宣传，为全面建设科技强国做出积极贡献。     （编辑：付晓歌）  电子邮箱：wdxw@whu.edu.cn 新闻热线：027-68754665         通讯地址：湖北省武汉市武昌珞珈山 传真：68752632 邮编：430072,
专家学者共探学术期刊与学术研究融合发展,info/1015/66892.htm,2022-04-07,Wuhan University,Science,新闻网讯（通讯员刘砚青、赵婧）学术期刊处于学术生产活动的末端，常常游离于学术研究过程之外。作为话语体系重要组成部分的学术期刊如何融入学科体系和学术体系？4月1日，《经济评论》学术沙龙第17期暨论文选题研讨会举办，为进一步将学术期刊的位置前移到研究活动起始端做了有益尝试。 《经济评论》主编、武汉大学经济发展研究中心联席主任叶初升教授阐述了举办本次活动的初衷。他指出，举办“论文选题研讨会”，将嘉宾的思想、方法和学术理念汇集融合，既能发挥期刊引领方向的功能，又能不断提高学者积极自主的探索精神，从而充分发挥学术市场在发现问题上的决定性作用。 学术沙龙围绕“人工智能与区域协调发展”“创新与发展”“双碳目标与经济发展”“不平等与经济增长”等当前热点问题展开，厦门大学李静副教授、吉林大学李政教授、华中科技大学宋德勇教授、华侨大学赵昕东教授担任主讲嘉宾，分享了他们的学术思考。南京大学郑江淮教授、中山大学张莉教授、武汉大学卢盛峰教授担任评论嘉宾。 据悉，《经济评论》编辑部近年来率先改革期刊编审机制，提出“开放编辑部”的办刊理念，“走出去”举办论文工作坊、青年学者论坛，“请进来”开办“审稿快线”，并积极探索将期刊在学术生产链的位置前移到研究过程，推进话语体系与学术体系、学科体系的深度融合，不断拓展学术期刊的功能。 《经济评论》编辑部全体人员、330余师生通过线上线下相结合的方式参加了活动。 （编辑：相茹）  电子邮箱：wdxw@whu.edu.cn 新闻热线：027-68754665         通讯地址：湖北省武汉市武昌珞珈山 传真：68752632 邮编：430072,
古文字与中华文明传承发展工程工作推进会我校作交流发言,info/1015/66890.htm,2022-04-07,Wuhan University,Science,新闻网讯（通讯员祁天、李静）“古文字与中华文明传承发展工程”工作推进会近日在京召开，校党委副书记沈壮海出席线上会议并作工程建设单位代表交流发言，人文社科资深教授、简帛研究中心主任陈伟线上参会。 会议由教育部语言文字信息管理司主办，工程协同攻关创新平台牵头单位清华大学承办，教育部语信司有关领导、专家委员会委员、工程秘书处成员以及16家工程建设单位的有关领导、平台负责人出席会议。  本次会议旨在贯彻落实习近平总书记致甲骨文发现和研究120周年贺信精神、教育部等八部门启动实施“古文字与中华文明传承发展工程”，部署2022年度建设任务，明确建设单位职责目标，统筹推进工程建设。工程专家委员会主任委员黄德宽介绍了工程启动后推进情况和2022年工作计划，并强调，2022年是全面推进古文字工程建设的关键年，各单位要按照总体规划和实施方案统筹建设，注意重要节点和事项安排，切实抓好工作落实，高质量完成工程各项建设任务。 教育部语信司副司长刘宏指出，实施古文字与中华文明传承发展工程是贯彻落实习近平总书记致甲骨文发现和研究120周年重要贺信精神的重要举措，在各方的共同努力下，工程实现良好开局。希望各建设单位立足于“出成果、出人才、可持续”的原则，扎实推进工程建设，严格遵守各项规定，以更高的站位、更宽的视野、更大的力度，打造精品工程，以实际行动迎接党的二十大胜利召开。 沈壮海在交流发言中介绍了简帛研究中心建设成效。2021年，简帛研究中心认真贯彻落实古文字工程秘书处印发的《“古文字与中华文明传承发展工程”2021-2025实施计划》，围绕“战国秦汉简牍整理与研究”主攻方向，在学术研究与文化传承、平台与条件建设、拔尖创新人才培养、学科与队伍建设等方面取得显著成效。他表示，武大将全力支持简帛研究中心的建设与发展，努力在“古文字工程”中做出积极贡献。 据悉，2021年4月，武汉大学简帛研究中心（以下简称“中心”）入选第一批“古文字工程”协同攻关创新平台。中心连续主持多个国家级重大项目，推出多种简牍整理与研究方面的系列成果，获得高等学校科学研究优秀成果奖（人文社会科学）一等奖、湖北省社会科学优秀成果奖一等奖等重要奖励，主编《简帛》集刊与英文期刊Bamboo and Silk，主办简帛网（bsm.org.cn），持续举办“中国简帛学国际论坛”，是公认的简牍整理与研究重镇、简帛学科发展与国际交流的推动者和资料信息中心，为承担古文字工程建设任务奠定了坚实基础。 （编辑：肖珊）  电子邮箱：wdxw@whu.edu.cn 新闻热线：027-68754665         通讯地址：湖北省武汉市武昌珞珈山 传真：68752632 邮编：430072,
珞嘉春秋论坛聚焦公平发展与质量提升,info/1015/66871.htm,2022-04-02,Wuhan University,Science,新闻网讯（通讯员曾田、刘毓文、徐佳慧、陆叶）3月31日下午，2022年春季珞嘉春秋论坛线上召开，论坛由武汉大学和乐山师范学院联合主办，两校专家学者围绕“公平发展与质量提升”分别作主题报告。 论坛由乐山师范学院教育科学学院唐前军教授和武汉大学教育科学研究院副院长王郢副教授主持。武汉大学教育科学研究院院长彭宇文在致辞中表示，本次线上论坛符合防疫规定且契合十四五规划对教育发展提出的要求。 武汉大学黄明东教授阐述了由家庭教育能力构成要素区分家庭类别，并给出针对性建议。 乐山师范学院汤敏骞副教授依据形而上哲学视角提出以“行动”重新认识职业教育。 唐前军的构建云贵川藏省区教育现代化评价指标体系研究，旨在落实《教育信息化2.0》“全面开展面向区域信息化的督导评估和第三方评测”要求。 武汉大学陈新忠教授阐述了构建农科人才培养质量评价的IPOE模型研究，据此展开的调研分析和政策建议对农科紧缺人才培养具有重要意义。 乐山师范学院特殊教育学院梁剑副教授阐明了高质量教育发展的基本内涵和法治要义，回顾了我国教育法治的历史发展及成就，总结了我国教育法治发展面临的困境并提出了法治保障高质量教育发展的路径。 彭宇文从庞大的职业教育体系引入，指出我国职业教育体系在庞大规模的情境下面临着巨大挑战，提出职业教育政策变迁的主要特点为渐进深化、立法先行、犹豫摇摆、问题导向和效应落差。 武汉大学人文社会科学研究院副院长陶军从科研项目资助的概念及必要性引入讲述了其研究背景，从法治视角讨论了宪法对公民学术权利的保障，阐述了国家科研资助的价值及职能并对其现状进行了评价。 乐山师范学院教育科学学院陈谢平副教授从乡村教师何以坚守的话题导入，提出内外资源协调促进乡村教师留教与积极心理资本在其中的作用。 武汉大学教育科学研究院王碧云副教授选取在各排行榜都居于前位的斯坦福大学为例，介绍了美国教师与学习中心的发展历程、机构组织、原则目标、学习资源等，并结合我国高校实际实践情况，提出了对我国教师教学发展中心的期望和建议。 武汉大学教育科学研究院博士生彭雪琴介绍了“三全育人”对高校管理提出的三点新要求，从管理体系的构成要素和本质特征两个方面研讨了高校管理体系的构建和优化，并建设性地提出了以系统思维加强顶层设计、以优质服务深化管理目标、以制度设计完善管理过程、以全面推进强化体系保障四项优化实现路径。 乐山师范学院博士生孟宪杰指出残障儿童之间的共性和差异性，从教育起点、教育过程、教育结果三个方面梳理了学者们关于残障儿童义务教育不公现象、原因、对策的相关研究，并从国家、社会辅助、学校、教师、家长五个层面提出了促进残障儿童义务教育公平的对策建议。 武汉大学教育科学研究院冯惠敏教授指出了义务教育学校委托管理这种创新管理模式的内涵和形式，阐述了义务教育学校委托管理的实施现状，并以江夏区纸坊三小为例，从机制建设、理念优化、师资培养、课堂教学、心理健康、校本课程等十个方面详细介绍了武汉大学义务教育学校委托管理的实践经验。 乐山师范学院博士生赵斌刚以伯克利大学在“我的世界”游戏中举行毕业典礼为例，生动地说明了数字孪生高校的必要性，并从数字孪生技术和高校的源起、国内外在数字孪生高校领域的相关探索、数字孪生高校通过技术赋能提升高等教育质量三个方面展开了详细的介绍。 武汉大学教育科学研究院廖旭梅博士从建构主义的框架出发，认为知识是个体主动建构的结果，而不是独立于个体的客观存在。她介绍了在武汉大学弘毅学堂开展研究的具体细节，并从“快学习”、“快知识”、路径选择与状态差异三个方面介绍了研究成果，最后总结了如何培养创新型人才。 王郢表示，“独学而无友”，珞嘉春秋教育论坛每年两次的交流机会非常宝贵。乐山师范学院教师教育学院院长汪红烨教授针对各位专家的报告内容做了简要总结，指出本次论坛令武汉大学和乐山师范学院的老师、同学们收获良多，并希望秋季论坛可以在乐山师范学院顺利举办，届时诚邀各位老师、同学再次相聚。 （编辑：相茹）  电子邮箱：wdxw@whu.edu.cn 新闻热线：027-68754665         通讯地址：湖北省武汉市武昌珞珈山 传真：68752632 邮编：430072,
专家学者共探高质量本科教育建设,info/1015/66870.htm,2022-04-02,Wuhan University,Science,新闻网讯（通讯员曾田、徐佳慧、陆叶、刘毓文）3月26日上午9：00，第三届卓越教学与本科人才培养专题报告会在线上召开。本次会议由武汉大学教育科学研究院、武汉大学当代教育研究院主办，来自全国多所高校的领导、知名专家教授围绕高质量本科教育建设做主旨演讲和经验交流。 浙江大学胡吉明教授从一流本科教育的时代背景出发，阐述了近年来关于人才培养五大举措，强调以人才培养为中心的高等教育理念。他揭示了高校人才培养的功能内涵，提出建设一流专业的逻辑思路：从专业定位、培养目标、毕业要求三个维度考虑“培养什么人”；从课程体系、师资队伍、支持条件、质量保障、学生发展、专业特色六个维度考虑“怎样培养人”。同时，他强调课程是人才培养的基本载体，一流课程应从教学理念、课程改革、师资队伍、支撑条件、课程成效五个方面评估，并对一流课程申报提出了实际有用的建议。 四川大学张红伟教授以“打破边界——对未来教学的思考与探索”为题进行了阐述。张红伟揭示了当前高等教育所面临的新背景、新局面。她从未来人才核心素养分析入手，具体探讨了应对措施，分析了未来人才所需具备的素养。她还以密涅瓦大学和四川大学为例分享了关于未来高校教育形态探索的经验，提出了推进跨学科复合型人才培养、深度融入大数据技术、加强政企学研联动、扩大教育对外开放等建议。 中国人民大学龙永红教授依据知识、教育教学规律、人才成长规律的系统性特征，关照教育改革实践的碎片化特征提出本科教学改革的系统性逻辑。首先，他认为系统性逻辑是一种培养理念，是围绕“以学为中心，培养德智体美劳全面发展人才”，在培养目标、培养体系、教学方式、教学理念等方面系统布局的大工程；其次，他主张应以系统性逻辑指导本科人才培养体系的建立，并详细介绍了中国人民大学的本科教学改革经验。 西安交通大学王秋旺教授立足第四次工业革命前沿，面向国家发展需求与新工科持续深化的改革背景，介绍西安交通大学在新形势下设计工科人才培养目标与教学理念，在内涵、组织管理模式、专业建设三维度中总结改革经验，从项目驱动、交叉融合、协同育人等方面中梳理改革特色，对工程人才培养具有借鉴意义。 同济大学吴志军教授依据该校近年来教学质量保证体系的改革经验，提出将人才培养的质量控制提高到质量文化的高度是大学人才培养质量保证体系的努力方向。他从建立高校内部质量保障体系的必要性出发，提出以外部质量正向推动内部质量保障体系建立与完善的有效途径；分享了同济大学人才培养质量保证体系的工作成果并提出解决质量保证问题的方法，主张突出质量保证的自主性、多维度和智能化。 厦门大学计国君教授从新时代大学教育教学管理设计和新时代大学教育教学管理创新两个角度展开讨论。基于全面振兴本科教育的必要性和紧迫性，他主张新时代大学需要建设一支懂教育教学规律、政治业务素质强、管理水平高、乐于奉献、敢于担当作为的管理和服务队伍，并强调了教育管理文化建设的重要意义和实施办法。最后，他陈述了大学发展与教学管理的痛点与难点，发人省思。 武汉大学王郢副教授以拉皮尔的态度行为一致性实验为例，说明课程思政在一定条件下具有可评价性，并从六个方面梳理课程思政评价研究的已有探索。她提到，现阶段的课程思政评价研究还有一些欠缺之处，如缺乏可信有效、便于操作的课程思政评价工具等。 据悉，本次会议旨在贯彻落实教育部“新时代全国高等学校本科教育工作会议”精神与《关于加快建设高水平本科教育全面提高人才培养能力的意见》（新时代高教40条），以人才培养新理念，推动高校教务管理部门、院系、一线教师联动改革，提高人才培养能力。会议聚焦高水平本科教育建设的创新举措，在本科人才培养的课程体系建设、教育教学管理以及质量评价等方面交流经验、碰撞思想，收效显著。 （编辑：相茹）  电子邮箱：wdxw@whu.edu.cn 新闻热线：027-68754665         通讯地址：湖北省武汉市武昌珞珈山 传真：68752632 邮编：430072,
武大教授为省市经济发展把脉献策,info/1015/66869.htm,2022-04-02,Wuhan University,Science,新闻网讯（通讯员刘砚青、孙建超）近日，省市有关领导就湖北经济发展战略选择问题，和我校经济与管理学院邹薇、刘成奎教授进行了深入交谈。 3月30日，武汉市人大常委会主任胡立山一行来校，与邹薇、刘成奎进行了交流。 邹薇认为，武汉有优势有底气有实力，要扬长避短，抓住关键，打造“五个中心”。刘成奎介绍，自己关于中科武大•智谷建设的建议，被列入武昌区十四五时期“一T一轴一谷”重点发展规划。两位教授表示今后会继续发挥专长、认真履职，做合格的人大代表。 胡立山充分肯定了两位教授广博的学识、严谨的学风、参政议政的热情和建言资政的成效，勉励他们勇于担当，继续发挥专业优势，为武汉发展贡献更多智力支持。 3月31日，湖北省经济与信息化厅党组书记、厅长刘海军一行来校，与邹薇进行了深入探讨。 邹薇认为，湖北经济发展基本面长期向好，经历抗击疫情、疫后重振的严峻挑战，2021年经济发展重回主赛道，展现了强劲的经济韧性和发展潜能，现阶段应乘势而上，继往开来，紧跟新工业化全球大势，对接国家战略需要，努力打造现代化建设和高质量发展的“湖北样本”。 刘海军表示，武汉大学是湖北省宝贵的智库，学校专家对湖北经济发展发挥了重要的建言资政作用。他希望继续与武大学者合作，推进理论研究，指导实践工作，积极应对当前经济形势。 据悉，邹薇、刘成奎十多年来担任政府咨询委员、人大代表、政协委员，秉承家国情怀，积极参政议政、建言献策，求真崇实，为国家经济发展奉献自己的智慧和力量，所提政策建议得到广泛采纳和转化实施，是经济与管理学院教师中的典型代表。邹薇连续主持6项湖北省委重大调研课题、4项省政府重点研究课题，其《湖北经济发展现阶段特征与加快推进新工业化战略选择》得到省长王忠林和副省长张文兵的高度肯定。刘成奎撰写的《关于发挥养老金中央调剂金制度的建议》，被中央统战部《零讯》采用，并报中共中央办公厅、国务院办公厅，10余篇信息被全国政协与民建中央、省委宣传部等采用。 （编辑：付晓歌）  电子邮箱：wdxw@whu.edu.cn 新闻热线：027-68754665         通讯地址：湖北省武汉市武昌珞珈山 传真：68752632 邮编：430072,
张好建揭示PTIP在巨噬细胞炎症反应中的重要作用,info/1015/66858.htm,2022-04-02,Wuhan University,Science,新闻网讯（通讯员彭伟）Cell Reports（《细胞报告》）杂志近日在线发表了武汉大学医学研究院/口腔医学院、免疫与代谢前沿科学中心张好建教授课题组在巨噬细胞炎症反应领域的最新成果。该研究揭示了表观遗传相关分子PTIP调控巨噬细胞NAD+代谢关键水解酶CD38的表达，影响巨噬细胞NAD+代谢与炎症反应的作用及分子机制。 论文题为“PTIP governs NAD+metabolism by regulating CD38 expression to drive macrophage inflammation”（《PTIP-CD38信号轴调控巨噬细胞NAD+代谢与炎症反应》），武汉大学医学研究院、免疫与代谢前沿科学中心博士生王启帆，胡瑾，韩国强为并列第一作者，张好建为通讯作者，武汉大学为第一署名单位。  模式图：PTIP招募p300到CD38的顺式调节区域介导巨噬细胞NAD+代谢和炎症反应 NAD+参与线粒体电子传递等多种氧化还原反应，在能量代谢中作为辅酶发挥重要作用。同时，NAD+作为多种酶的底物，参与细胞信号传导、DNA损伤修复、表观遗传修饰等生物学过程。NAD+代谢也在代谢疾病、癌症、衰老和炎症等各种疾病的发生发展中起着关键作用。因此，解析NAD+代谢的调控机制是重要科学问题。 作为天然免疫细胞的主要成员之一，巨噬细胞能够快速识别病原体，启动炎症和免疫反应以抵抗感染，在血液生态、免疫调控与组织器官稳态中起重要作用。近来研究表明，巨噬细胞活化过程中发生了代谢重编程，以满足其能量和生物合成等需求。NAD+从头合成和补救途径都是巨噬细胞促炎活化所必需的，同时，巨噬细胞促炎活化也伴随着NAD+的快速消耗。跨膜蛋白CD38消耗NAD+，形成环ADP核糖（cADPR）、ADP核糖（ADPR）和NAM，被认为是巨噬细胞中主要的NAD+水解酶。然而，巨噬细胞活化过程中NAD+代谢的调控机制仍不清楚。 张好建课题组首先采用ChIP-seq和RNA-seq技术，解析了巨噬细胞活化过程中的组蛋白H3K4me1、H3K4me3、H3K27ac修饰与NAD+代谢相关基因表达水平的相关性；发现MLL3/4复合物亚基PTIP可能是调控炎症巨噬细胞中NAD+水解酶CD38表达的关键分子。课题组进一步构建了Ptip条件性敲除小鼠，开展了一系列体内、体外实验，证实了PTIP在调控巨噬细胞炎症反应和NAD+代谢功能具有重要作用。 PTIP缺失会损害人和小鼠来源的原代巨噬细胞的炎症反应，促进糖酵解向氧化磷酸化的代谢转换，并下调CD38的表达进而影响NAD+代谢。在生理功能上，巨噬细胞中PTIP的缺失明显降低了小鼠抗李斯特菌感染的能力，并能够改善DDS诱导的小鼠结肠炎症。在机制上，课题组发现了CD38内含子上存在的增强子元件；PTIP与乙酰转移酶p300结合，促进p300招募到该增强子区域并上调H3K27ac修饰水平，进而调控CD38的表达与NAD+代谢。 该研究揭示了PTIP在巨噬细胞炎症反应中的重要作用，阐明了PTIP协同p300调控CD38增强子活性，影响NAD+代谢与巨噬细胞活化的分子机制，对深入理解生理病理下巨噬细胞活化以及表观与代谢互作的调控网络具有重要意义。 据悉，该研究获得了化学与分子科学学院冯钰锜教授课题组与中南医院候晋轩医生的大力支持，得到了国家自然科学基金优秀青年和面上项目、湖北省自然科学基金杰出青年和创新群体等项目的资助以及武汉大学医学腾飞计划（基础医学）的支持。 论文链接： https://doi.org/10.1016/j.celrep.2022.110603 （供图：医学研究院 编辑：相茹）  电子邮箱：wdxw@whu.edu.cn 新闻热线：027-68754665         通讯地址：湖北省武汉市武昌珞珈山 传真：68752632 邮编：430072,
付磊曾梦琪课题组最新研究实现超薄钙钛矿的普适性生长,info/1015/66856.htm,2022-04-01,Wuhan University,Science,新闻网讯（通讯员化苑）《先进材料》（Advanced Materials）近日以研究性论文（Research Article）形式，在线发表化学与分子科学学院付磊教授和曾梦琪副教授的最新研究成果。 论文题为《超薄钙钛矿单晶的普适性生长》（“The Universal Growth of Ultrathin Perovskite Single Crystals”）。武汉大学为第一署名单位，付磊、曾梦琪为通讯作者，化学与分子科学学院硕士生李琳怡、余艳涛为共同第一作者。研究工作获得了国家自然科学基金委、中德科学中心的资助。 钙钛矿由于其组分丰富、光电性质优异受到了广泛的关注，相比于块体，超薄钙钛矿由于突破了三维晶格限制，具有更高的组分可调性。此外，厚度减薄所带来的晶格弛豫和量子限域效应，会赋予超薄钙钛矿不同于块体的新光学、电子特性。因此，超薄钙钛矿的制备及其种类的拓展对于充分利用钙钛矿优异性质，挖掘其潜在应用具有重要意义。然而，由于其结构、组成的差异性，超薄钙钛矿的普适性制备极具挑战。 课题组发展了一种超薄钙钛矿单晶的普适性生长策略，即构建一种由固液相电荷分离引起的界面电场诱导的定向溶剂微环境。在这样一个微环境中能有效控制前驱体的分布，有利于前驱体过饱和度高的区域晶体优先成核并以横向模式生长。他们实现了从层状到非层状，从有机到无机，从有毒到低毒的各类超薄钙钛矿的普适性生长。此策略可以进一步扩展到其他前驱体可溶的晶体的二维生长。该工作为通过组分工程探索超薄钙钛矿的基础物性和其在光电器件中的应用奠定了基础。  在此研究工作中，付磊曾梦琪团队与多个研究机构进行了合作：上海交通大学刘攀教授提供了样品精细结构表征支持，华中科技大学李德慧教授提供了光电器件测试支持，武汉大学陈胜利教授提供了理论计算支持。 论文链接：https://onlinelibrary.wiley.com/doi/10.1002/adma.202108396 付磊课题组网站：http://leifu.whu.edu.cn/ （编辑：肖珊）  电子邮箱：wdxw@whu.edu.cn 新闻热线：027-68754665         通讯地址：湖北省武汉市武昌珞珈山 传真：68752632 邮编：430072,
我校参与的考古工作入选“2021年全国考古十大发现”,info/1015/66853.htm,2022-04-01,Wuhan University,Science,新闻网讯（通讯员陈娜）3月31日，“2021年度全国十大考古新发现”揭晓，湖北云梦郑家湖墓地成功入选。湖北云梦郑家湖墓地位于云梦县城关镇，楚王城城址的东南郊，总面积约15万平方米，西距睡虎地墓地约3000米，湖北省文物考古研究院副院长罗运兵为项目负责人，我校长江文明考古研究院多位教授积极参与。 2021年，湖北省文物考古研究所主持发掘的云梦郑家湖墓地出土一批简牍、铜器铭文和玺印资料。其中M274出土的木觚形制罕见，文字内涵丰富，是一篇全新的策问类战国秦文献，极具学术价值。长江文明考古研究院李天虹教授等应湖北省文物考古研究院邀请，为该墓地出土文字资料的整理与研究提供学术支持，特别是从形制和性质、字词疏解、史事探研三方面对木觚进行了比较深入的研究。该木觚的发现对于探讨古代木觚这一文字载体的形制和应用，丰富、推进对于春秋战国相关史事和政治生态的认知均具有重要价值，亦为研究策问类文献的生成、流传和演变提供了新资料。  木觚照片 长江文明考古研究院黄先锋教授及其团队对湖北云梦郑家湖墓地进行数字化采集及研究。郑家湖墓地由三个墓葬组成，发掘清理及数字化过程按墓穴分步骤进行。数字化采集使用近景摄影测量方法，设备为佳能5D Mark III相机，分辨率为5000万像素，镜头为50mm标准镜头，总共拍摄高分辨率图像1477张，共计27.83GB。由于空间极其狭小，发掘过程分步完成，故很难获得整体揭开后的遗址全貌图像。数字化团队利用研制的摄影测量三维重建技术，将不同时间采集的每一个墓穴的数字图像进行整体的融合处理，形成了高精度墓葬全貌。  由多张图像拼接出的高精度墓葬全貌原景射影像  由多张图像拼接出的高精度墓葬全貌原景射影像 长江文明考古研究院刘一婷副研究员对湖北云梦郑家湖墓地出土的动物骨骼进行了鉴定和研究。该墓地的动物骨骼数量多，保存状况极佳，为研究战国秦汉时期的墓葬用牲制度提供了难能可贵的材料。动物牺牲的种属丰富，包括黄牛、猪、鹿、狗、鸡、鸭、鱼，大部分出自陶器、铜器和竹笥等器物，以M346最为突出。该墓的竹笥内存放了至少49头幼猪、1头黄牛、2只狗、9只鸭、8只鸡、1条鱼的部分肢体。此外，在少量墓葬的二层台和椁顶见有头蹄葬的用牲方式，如M276在墓室四角和椁顶分别放置了黄牛的蹄部骨骼和头骨，头蹄葬是北方游牧民族的特有葬俗，它在郑家湖墓地的出现为当时的多民族融合提供了有力证据。  刘一婷在对郑家湖墓地出土动物骨骼进行鉴定和测量 （供图：长江文明考古研究院 编辑：付晓歌）  电子邮箱：wdxw@whu.edu.cn 新闻热线：027-68754665         通讯地址：湖北省武汉市武昌珞珈山 传真：68752632 邮编：430072,
张金方课题组在肿瘤免疫治疗领域取得新进展,info/1015/66852.htm,2022-04-01,Wuhan University,Science,新闻网讯（通讯员彭伟）3月31日，Nature Communications（《自然·通讯》）发表武汉大学医学研究院、中南医院医学研究院、免疫与代谢前沿科学中心张金方教授课题组在肿瘤免疫治疗领域的最新成果。该研究揭示抑制去泛素化酶USP8重塑肿瘤免疫微环境（TME），使“冷肿瘤”变成“热肿瘤”，从而提高肿瘤免疫治疗效果的分子机制。  论文题为“USP8 inhibition reshapes an inflamed tumor microenvironment that potentiates the immunotherapy”（抑制去泛素化酶USP8重塑肿瘤免疫微环境，增强免疫治疗效果），武汉大学医学研究院博士研究生熊文君和美国南卡罗莱纳医科大学XueliangGao为第一作者，张金方教授和美国南卡罗莱纳医科大学HaizhenWang教授为通讯作者，武汉大学为第一署名和通讯单位。 临床研究表明，总体上仅有30%左右的肿瘤患者对PD-1/PD-L1免疫检查点阻滞性抗体药物治疗有效。因此，如何提高PD-1/PD-L1抗体对肿瘤患者的治疗效果是临床上亟需解决的问题之一。 根据肿瘤患者对免疫治疗的响应情况，大体上可以把肿瘤分为：冷肿瘤、热肿瘤以及处于两者之间的肿瘤类型。冷肿瘤的免疫微环境通常具有PD-L1低表达或者不表达，干扰素（IFN）通路失活以及抗原递呈缺陷等特征，这类患者基本上对肿瘤免疫治疗不响应。而热肿瘤的免疫微环境则具有与冷肿瘤相反的特征，这类患者通常对肿瘤免疫治疗有较好响应率和治疗效果。因此，寻找使冷肿瘤转变成热肿瘤的方法，从而提高患者对肿瘤免疫疗法的响应率和治疗效果，是目前肿瘤治疗领域研究的热点问题之一。 课题组和合作者研究发现，通过抑制去泛素化酶USP8的功能可以重塑免疫微环境，使冷肿瘤转变成热肿瘤，从而显著提高免疫检查点PD-1/PD-L1抗体对肿瘤的治疗效果。如下图所示：一方面，抑制USP8能够增强TRAF6介导的PD-L1 K63位连接的泛素化修饰并拮抗PD-L1 K48位连接的泛素化修饰，从而上调PD-L1的蛋白水平；另一方面，抑制USP8还可以通过激活NF-κB信号通路，显著上调肿瘤细胞表面主要组织相容性复合体-1(MHC-1)的水平以及肿瘤浸润CD8+T淋巴细胞的活性，从而重塑肿瘤免疫微环境。因此，该研究将为临床上开发新的肿瘤免疫联合治疗方案提供分子基础和理论支持。  本研究获得武汉大学医学研究院舒红兵院士、胡明明教授、张好建教授、钟波教授，武汉大学中南医院谢丛华教授，武汉大学口腔医院陈刚教授以及美国哈佛医学院WenyiWei教授和Gordon J. Freeman教授的建议与帮助。本研究还获得武汉大学医学研究院仪器设备共享中心和行政团队的大力支持。本项工作得到了国家自然科学基金面上项目、国家海外引进高层次人才青年项目、武汉大学启动经费以及湖北省重点研发计划等项目资助。 张金方教授主要从事肿瘤免疫治疗方面的研究，于2018年在Nature上发表了关于细胞周期激酶CDK4/6和泛素E3连接酶Cullin3/SPOP调节免疫检查点PD-L1的分子机制，并在临床前小鼠肿瘤模型上证实CDK4/6抑制剂与PD-1/PD-L1抗体联合使用，能够显著提高对肿瘤的治疗效果。重要的是，关于这种抗肿瘤联合用药方法的多个临床实验正在开展（ClinicalTrials.gov）。此外，张金方教授团队与合作者于2021年受Trends in Cancer杂志邀请攥写关于免疫检查点PD-L1研究进展的综述文章。 论文链接：https://www.nature.com/articles/s41467-022-29401-6  （编辑：肖珊）  电子邮箱：wdxw@whu.edu.cn 新闻热线：027-68754665         通讯地址：湖北省武汉市武昌珞珈山 传真：68752632 邮编：430072,
邓鹤翔团队合作研究发现MOF单晶生长的决定性因素,info/1015/66851.htm,2022-03-31,Wuhan University,Science,"新闻网讯（通讯员化轩）近日，细胞出版社（Cell Press）旗下期刊Chem（影响因子IF=22.8）在线发表了我校在晶体生长领域的最新研究成果。论文题为《原位界面成像揭示金属有机框架材料单晶生长的决定因素》（“Determining Factors in the Growth of MOF Single Crystals Unveiled by in situ Interface Imaging”）。第一署名单位为武汉大学，化学与分子科学学院博士生韩金利为第一作者，我校邓鹤翔教授、中科院苏州纳米所周小春研究员为通讯作者。 金属有机框架材料（MOF）是一类具有分子定制孔道的晶态材料，在二氧化碳的捕获和转化等领域有重要的应用前景，目前种类超过80,000种。然而，MOF晶体的合成仍然是一门艺术，特别是MOF单晶的生长，通常依赖大量经验性的尝试，其生长的分子机制尚未明晰。主要原因是溶液相合成环境中，影响因素极为复杂，随着反应的进行，反应物浓度发生变化，难以抽提出影响MOF单晶生长的决定性因素。 邓鹤翔研究团队设计了流动相反应池（flow cell），采用控制变量法（isolation method）研究了MOF单晶生长的化学反应动力学，首次实现了MOF单晶纳米精度的线性生长。该团队与中科院苏州纳米所周小春团队合作，利用暗场显微镜平台结合超分辨技术，以4 nm的轨迹分辨率和50 ms的时间分辨率实现了MOF单晶界面的演变过程原位观测（图1）。在具有不同形貌特征（包括一维、二维、三维）的五种MOF体系中，分别获得了精确到单颗MOF晶体的金属离子的反应级数、有机组分的反应级数以及活化能信息，并进行了统计分析。  图1 在流动相反应池内获取单颗MOF晶体的生长曲线 研究结果表明金属离子和有机组分的表观反应级数均为非整数，甚至是负数，且数值上与其在MOF结构式中的比例没有明确的对应关系，揭示了MOF生长并非是基元反应，而应该是多步骤的过程，按照结构中组份比例来进行投料的传统合成方法并不是最优的选择。以Cu-MOF-2为例，根据精确测定的各组分反应级数，研究团队提出了一种可能的MOF生长机制，涉及到次级单元（secondary building blocks）的组装和其碎片化（fragmentation）生成生长单元（growth unit）的两个关键步骤（图2）。  图2 Cu-MOF-2次级单元组装再碎片化的生长机制 此外，研究者还观察到晶体界面的溶解和再生的过程，指出晶体界面可能存在结构和组成与晶体内部不同的可逆活性层，并对活性层的厚度进行了定量。发现随着晶体颗粒增大，活性层减薄的规律，推测出MOF结晶过程中无定型态向晶态转变的临界尺寸约为150 nm。此项工作在液相的复杂环境中抽提出金属离子浓度、有机配体浓度、反应温度和晶体界面的影响，在分子水平上为MOF晶体的生长提供了更为深入的认识，对MOF的大规模工业生产有重要的指导意义。 论文的合作者还包括武汉大学何旭东、柳津、明瑞鉴同学和李辉教授，以及中科院苏州纳米所的林默涵同学。此工作获得了国家自然科学基金和国家重点研发计划的资助。武汉大学大型仪器共享平台、科研公共服务条件平台和湖北江城实验室的有力支撑。 论文链接： https://www.sciencedirect.com/science/article/pii/S2451929422001437 邓鹤翔课题组网站：http://hdeng.whu.edu.cn/ （编辑：付晓歌）  电子邮箱：wdxw@whu.edu.cn 新闻热线：027-68754665         通讯地址：湖北省武汉市武昌珞珈山 传真：68752632 邮编：430072",
经济与管理学院教师荣获全国商务发展研究成果一等奖,info/1015/66848.htm,2022-03-31,Wuhan University,Science,新闻网讯（通讯员温兴琦、龚红、陈立敏）中华人民共和国商务部近日颁发了2020至2021年度全国商务发展研究成果奖，经济与管理学院教授陈立敏、马颖、张彬、龚红，副教授冯华、温兴琦的报告《全球产业链转移新趋势下的中国出口价值链提升举措研究》获得报告类一等奖。  该成果为陈立敏担任首席专家的国家社会科学基金重大课题结题研究报告。马颖、张彬、龚红教授，冯华、温兴琦副教授为该重大课题的子课题负责人及重要研究工作完成者。该重大课题已免鉴定结项，此次荣誉是陈立敏在重大课题研究与结项过程中，获得的除教育部高校科学研究优秀成果奖二等奖之外的又一部级奖项。 据悉，商务发展研究成果奖是商务领域唯一的全国性社科类部级奖项，于1999年设立。该成果奖主要奖励商务领域具有前瞻性和创见性、有较高理论和学术价值的著作、论文和研究报告，以及对政府决策和实际工作产生重要影响的研究成果。成果奖的组织机构由商务部部长担任评奖委员会主任，由有关部门负责同志、相关学科和行业中有深厚造诣的专家学者担任评审委员会委员。 本届商务发展研究成果奖按论文、著作、研究报告、政策调研分成四类，每类设一等奖1至2名、二等奖3至9名、三等奖5至15名，优秀奖若干名（优秀奖数量为每类参评作品的10%），共评选出获奖作品186篇（部），其中论文71篇、著作47部、研究报告45份、政策调研23项。 （供图：经济与管理学院 编辑：相茹）  电子邮箱：wdxw@whu.edu.cn 新闻热线：027-68754665         通讯地址：湖北省武汉市武昌珞珈山 传真：68752632 邮编：430072,
孙祥教授超大规模博弈中的稳健完美均衡研究取得新成果,info/1015/66846.htm,2022-03-30,Wuhan University,Science,新闻网讯（通讯员魏立佳）经济与管理学院孙祥教授论文“Robust perfect equilibrium in large games”（《超大规模博弈中的稳健完美均衡》），近日发表于理论经济学领域国际一流期刊Journal of Economic Theory（《经济理论杂志》）。 该论文针对拥有超大规模参与主体的非合作博弈中纳什均衡的弊端，提出了新的均衡概念“稳健完美均衡”。该均衡概念源于个体行为方面的失误考虑，建模了参与主体群体、参与主体行为策略、行为宏观加总三个层面的扰动，并被证明满足可接纳性、总体稳健性、事后稳健完美性等重要性质。这一均衡概念推进了超大规模博弈的理论研究，加强了一系列文献广泛使用的均衡结果。 该论文是孙祥主持的国家自然科学基金优青项目“非合作博弈”的阶段性成果，由孙祥与南开大学陈恩献教授、上海财经大学乔磊教授和新加坡国立大学孙业能教授合作完成。《经济理论杂志》为经济学国际一流期刊、武汉大学经济与管理学院A类奖励期刊。 孙祥是经济与管理学院副院长、数理经济与数理金融系教师。近年来，他一直专注于博弈论和机制设计等基础理论的研究，其成果相继发表于Journal of Economic Theory（《经济理论杂志》）、Theoretical Economics（《理论经济学》）、Games and Economic Behavior（《博弈与经济行为》）、Advances in Mathematics（《数学进展》）、Journal of Economic Behavior & Organization（《经济行为与组织杂志》）、Economic Theory（《经济理论》）等国际一流学术期刊。 论文链接：https://doi.org/10.1016/j.jet.2022.105433 （编辑：付晓歌）  电子邮箱：wdxw@whu.edu.cn 新闻热线：027-68754665         通讯地址：湖北省武汉市武昌珞珈山 传真：68752632 邮编：430072,
【学术前沿动态】2022年国内学者cns发文报道（一）,info/1015/66845.htm,2022-03-30,Wuhan University,Science,"信息整理：图书馆 美国Science(《科学》)、英国Nature(《自然》)及美国Cell(《细胞》)是国际公认的三大享有最高学术声誉的科技期刊，发表于这三大期刊的论文简称CNS论文。 2022年1至2月，国内学者在三大期刊以第一完成单位共计发文31篇(仅统计Science中的Research Article、Review、Report类；Nature中的Article类；Cell中的Research Article、Review Article类），其中Science发文12篇，Nature发文15篇，Cell发文4篇。 31篇国内作者发文来自16个高校、研究机构，其中中国科学院发文13篇排名第一，中国科技大学发文4篇位居次席。 一、Science发文 2022年1-2月Science发表Research Article、Review、Report、共119篇，国内作者发文12篇，占比10.08%。其中6篇Research Article，6篇Report，其详细信息如下： 1.Liu Y, Tao X, Wang Y, et al.Self-assembled monolayers direct a LiF-rich interphase toward long-life lithium metal batteries[J]. Science,2022,375(6582):739-745.Research Article 题名：使用自组装单分子层技术生成富含氟化锂的界面以构筑超长寿命锂金属电池（参考译文） 第一完成单位：浙江工业大学 2.Xie Y, Hu P, Li J, et al.Geometry of sequence working memory in macaque prefrontal cortex[J]. Science,2022,375(6581):632-639.Research Article 题名：序列工作记忆在猕猴前额叶表征的几何结构（参考译文） 第一完成单位：中国科学院脑科学与智能技术卓越创新中心 3.Li X, Luo X, Wang S, et al.Second sound attenuation near quantum criticality[J]. Science,2022,375(6580):528-533.Research Article 题名：量子临界区附近第二声波的衰减（参考译文） 第一完成单位：中国科技大学 4.Mondaini R, Tarat S, Scalettar R T.Quantum critical points and the sign problem[J]. Science,2022,375(6579):418-424.Research Article 题名：量子临界点和符号问题（参考译文） 第一完成单位：北京计算科学研究中心 5.Cao D, Yu J, Wang H, et al.Structure-based discovery of nonhallucinogenic psychedelic analogs[J]. Science,2022,375(6579):403-411.Research Article 题名：基于结构发现非致幻的抗抑郁致幻剂类似物（参考译文） 第一完成单位：中国科学院分子细胞科学卓越中心 6.Zhong S, Li L, Wang Z, et al.RALF peptidesignalingcontrols the polytubey block in Arabidopsis[J]. Science,2022,375(6578):290-296.Research Article 题名：拟南芥通过RALF小肽信号调控以防止多精受精（参考译文） 第一完成单位：北京大学 7.Huang M, Zhang L, Pan T, et al.Deracemization through photochemical E/Z isomerization of enamines[J]. Science,2022,375(6583):869-874.Report 题名：基于烯胺光促E/Z互变的去消旋化反应（参考译文） 第一完成单位：清华大学 8.Zhang J, Zhang Y, You Q, et al.Highly enriched BEND3 prevents the premature activation of bivalent genes during differentiation[J]. Science,2022,375(6584):1053-1058.Report 题名：高度富集的BEND3可防止分化过程中二价基因的过早激活（参考译文） 第一完成单位：中国科学院生物物理研究所 9.Yin W, Xu Y, Xu P, et al.Structures of the Omicron spike trimer with ACE2 and an anti-Omicron antibody[J]. Science,2022,375(6584):1048-1053.Report 题名：奥密克戎变异株刺突蛋白及其与受体ACE2和抗病毒抗体的复合物结构（参考译文） 第一完成单位：中国科学院上海药物研究所 10.Zhao H, Liu S, Wei Y, et al.Multiscale engineered artificial tooth enamel[J]. Science,2022,375(6580):551-556.Report 题名：多尺度构筑人工牙釉质（参考译文） 第一完成单位：北京航空航天大学 11.Li X, Zhang W, Guo X, et al.Constructing heterojunctions by surface sulfidation for efficient inverted perovskite solar cells[J]. Science,2022,375(6579):434-437.Report 题名：通过表面硫化构筑异质结实现高效率反型钙钛矿型太阳能电池 （参考译文） 第一完成单位：华东师范大学 12.Sun K, Tan D, Fang X, et al.Three-dimensional direct lithography of stable perovskite nanocrystals in glass[J]. Science,2022,375(6578):307-310.Report 题名：玻璃中稳定的钙钛矿纳米晶体三维直写（参考译文） 第一完成单位：浙江大学 二、Nature发文 2022年1至2月，Nature共计发表Article137篇，其中国内作者发文15篇，占比10.95%，其详细信息如下： 1.Hong Q, Han W, Li J, et al.Molecular basis of receptor binding and antibody neutralization of Omicron[J]. Nature,2022-02-28. 题名：Omicron受体结合和抗体中和的分子基础（参考译文） 第一完成单位：中国科学院分子细胞科学卓越中心 2.Ma T, Tian X, Zhang B, et al.Low-dose metformin targets the lysosomal AMPK pathway through PEN2[J]. Nature,2022,603(7899):159-165. 题名：低剂量二甲双胍通过靶点PEN2启动溶酶体途径激活AMPK通路（参考译文） 第一完成单位：厦门大学 3.Dong J, Liu L, Tan C, et al.Free-standing homochiral 2D monolayers by exfoliation of molecular crystals[J]. Nature,2022,602(7898):606-611. 题名：自支撑手性二维单层分子晶体（参考译文） 第一完成单位：上海交通大学 4.Yuan J, Chen Q, Jiang K, et al.Scaling of the strange-metal scattering in unconventional superconductors[J]. Nature,2022,602(7897):431-436. 题名：非常规超导体的奇异金属标度率（参考译文） 第一完成单位：中国科学院物理研究所 5.He Y, Sun S, Kim D Y, et al.Superionic iron alloys and their seismic velocities in Earth’s inner core[J]. Nature,2022,602(7896):258-262. 题名：地球内核中的超离子态铁合金及其地震波速（参考译文） 第一完成单位：中国科学院地球化学研究所 6.Li S, Lin D, Zhang Y, et al.Genome-edited powdery mildew resistance in wheat without growth penalties[J]. Nature,2022,602(7897):455-460. 题名：不造成产量损失的小麦抗白粉病基因组编辑（参考译文） 第一完成单位：中国科学院遗传与发育生物学研究所 7.Huang B, Xu Y, Hu X, et al.A backbone-centred energy function of neural networks for protein design[J]. Nature,2022,602(7897):523-528. 题名：用于蛋白质设计的以主链为中心的神经网络能量函数（参考译文） 第一完成单位：中国科学技术大学 8.Yang H, Wang X, Su Z, et al.Evidence for the association of triatomic molecules in ultracold 23Na40K + 40K mixtures[J]. Nature,2022,602(7896):229-233. 题名：超冷23Na40K + 40K混合气中三原子分子相干合成的证据（参考译文） 第一完成单位：中国科学技术大学 9.Nie L, Sun K, Ma W, et al.Charge-density-wave-driven electronic nematicity in a kagome superconductor[J]. Nature,2022-02-09. 题名：笼目结构超导体中电荷密度波驱动的电子向列性（参考译文） 第一完成单位：中国科学技术大学 10.Deng W, Bai Y, Deng F, et al.Streptococcal pyrogenic exotoxin B cleaves GSDMA and triggers pyroptosis[J]. Nature,2022,602(7897):496-502. 题名：链球菌热原外毒素B通过切割激活GSDMA触发细胞焦亡（参考译文） 第一完成单位：中国科学院上海巴斯德研究所 11.Wang K, Jia Z, Bao L, et al.Memory B cell repertoire from triple vaccinees against diverse SARS-CoV-2 variants[J]. Nature,2022-01-28. 题名：三剂新冠疫苗接种者的记忆B淋巴细胞库对不同SARS-CoV-2病毒变异株的抗体分析（参考译文） 第一完成单位：中国科学院生物物理研究所 12.Xu L, Wang X, Wang W, et al.Enantiomer-dependent immunological response to chiral nanoparticles[J]. Nature,2022,601(7893):366-373. 题名：独特手性纳米免疫佐剂能高效介导免疫应答（参考译文） 第一完成单位：江南大学 13.Lin R, Xu J, Wei M, et al.All-perovskite tandem solar cells with improved grain surface passivation[J]. Nature,2022,603(7899):73-78. 题名：改善晶粒表面钝化的全钙钛矿叠层太阳能电池（参考译文） 第一完成单位：南京大学 14.Yang C, Liu H, Liu Y, et al.Signatures of a strange metal in a bosonic system[J]. Nature,2022,601(7892):205-210. 题名：玻色子体系中的奇异金属态（参考译文） 第一完成单位：电子科技大学 15.Ching T C, Li D, Heiles C, et al.An early transition to magnetic supercriticality in star formation[J]. Nature,2022,601(7891):49-52. 题名：恒星形成过程中分子云于早期达成磁超临界状态（参考译文） 第一完成单位：中国科学院国家天文台 三、Cell发文 2022年1至2月，Cell发表文献64篇，其中Research Article57篇；ReviewArticle7篇，国内作者发文共计4篇，均为Research Article，其详细信息如下： 1.Han P, Li L, Liu S, et al.Receptor binding and complex structures of human ACE2 to spike RBD from omicron and delta SARS-CoV-2[J]. Cell,2022,185(4):630-640. 题名：新冠病毒突变株Omicron和Delta RBD区与人ACE2的复合物结构（参考译文） 第一完成单位：中国科学院微生物研究所 2.He W, Hou X, Zhao J, et al.Virome characterization of game animals in China reveals a spectrum of emerging pathogens[J]. Cell,2022-02-16. 题名：中国野生动物的病毒组特征揭示一系列新出现的病原体（参考译文） 第一完成单位：南京农业大学 3.Cui Z, Liu P, Wang N, et al.Structural and functional characterizations of infectivity and immune evasion of SARS-CoV-2 Omicron[J]. Cell,2022-01-25. 题名：SARS-CoV-2 Omicron传染性和免疫逃逸的结构和功能特征（参考译文） 第一完成单位：中国科学院生物物理研究所 4.Niu S, Li J, Bo W, et al.The Chinese pine genome and methylome unveil key features of conifer evolution[J]. Cell,2022,185(1):204-217. 题名：中国松基因组和甲基化组揭示针叶树进化的关键特征（参考译文） 第一完成单位：北京林业大学  因学科专业所限，难免出错，敬请批评指正。同时，我们面向全校师生征集关注的领域和专题，欢迎提出宝贵的建议。联系方式：68754258，Email: jflai@lib.whu.edu.cn （编辑：仲秋、姚雪菲 审核：黄如花、刘颖）  电子邮箱：wdxw@whu.edu.cn 新闻热线：027-68754665         通讯地址：湖北省武汉市武昌珞珈山 传真：68752632 邮编：430072",
国家社科基金重大项目“文化遗产智慧数据资源建设与服务研究”开题,info/1015/66844.htm,2022-03-30,Wuhan University,Science,新闻网讯（通讯员段青玉）3月26日，由信息管理学院副院长、文化遗产智能计算教育部哲学社会科学实验室主任王晓光教授担任首席专家的国家社会科学基金重大项目“文化遗产智慧数据资源建设与服务研究”开题报告会以线上线下相结合的形式举行。 参加开题报告会的评议专家有：专家组组长、中国人民大学一级教授、原常务副校长冯惠玲教授，上海大学党委副书记、纪委书记段勇教授，武汉大学人文社科资深教授、研究生院院长陈传夫教授，中国国家图书馆副馆长张志清研究员，中国古籍保护协会副会长、首都图书馆原馆长倪晓建教授，南京大学信息管理学院院长孙建军教授，中山大学国家文化遗产与文化发展研究院院长程焕文教授，中国科学院大学图书情报与档案管理系主任初景利教授，中国社科院社会科学评价研究院副院长蒋颖研究员，中山大学信息管理学院原院长曹树金教授，南开大学商学院图书情报专业学位中心主任柯平教授。武汉大学人文社会科学研究院项目处副处长吴楚云主持会议。 人文社会科学研究院院长方卿教授和信息管理学院院长陆伟教授致辞。王晓光作课题整体报告。他指出，文化遗产是一个民族及其文化的历史证据和现实载体，也是一个国家的“金色名片”。本项目将直击文化遗产价值挖掘不足、内涵阐释不清，资源数据化与语义化加工严重不足，数据资源建设转型与管理升级路径不清晰，智慧化服务与应用模式不明确等4个现实“痛点”，用“智慧数据”助力中国传统文化“活起来”，服务国家文化大数据体系建设。 5个子课题负责人分别就子课题内容、关键任务和计划安排等进行了简要汇报。他们表示，本项目将吸收数智时代信息资源建设与服务的新理念、新思路、新方向，通过构建智慧数据理论体系、文化遗产智慧数据模型与规范体系，在价值共创、开放众包和智慧数据驱动理念下，充分探索文化遗产大数据资源价值提升方法与路径，设计切实可行的文化遗产智慧数据资源建设方案与策略，诠释文化遗产领域数据驱动的智慧服务内在逻辑和服务模式，基于服务平台原型系统提出适应数字人文和大众传播多样化主体和场景需要的服务策略。 与会专家认为，项目具有重要理论价值、实践意义和学科价值，需要进一步清晰界定文化遗产研究的范围和边界，聚焦重点，深入解决共性问题；要结合人工智能、数字孪生技术和元宇宙概念突出大众传播的服务创新；要加强多主体、多领域合作，做好总课题和子课题之间的协调，发挥集合效应；要真正挖掘“智慧数据”价值，产出具有显示度的应用成果。 冯惠玲总结指出，项目响应了从“文化遗产的调查和保护”到“文化遗产的活化”的战略方向，是图情档学科向文化遗产领域的一次挺进。她建议，从宏观上、总体上搭建文化遗产活化、智慧化管理框架以及从理论到实践的导引性整体框架，并在一般性中突出文化遗产的特殊性，采取链式研究路线，通过做“减法”做到面中有点，聚焦凝练。 （编辑：相茹）  电子邮箱：wdxw@whu.edu.cn 新闻热线：027-68754665         通讯地址：湖北省武汉市武昌珞珈山 传真：68752632 邮编：430072,
